gene,depth_m,n_cohort,alpha_lo,alpha_hi,delta_pds,n_test,p_correct,n_draw,pds_lo,pds_hi
TP53,25,98,0.0,0.2,-0.002746,5,0.375,200,0.5,0.49725
TP53,25,98,0.0,0.2,-0.002746,10,0.345,200,0.5,0.49725
TP53,25,98,0.0,0.2,-0.002746,20,0.295,200,0.5,0.49725
TP53,25,98,0.0,0.2,-0.002746,40,0.135,200,0.5,0.49725
TP53,25,98,0.0,0.2,-0.002746,80,0.0,200,0.5,0.49725
TP53,25,98,0.0,0.2,-0.002746,98,0.0,1,0.5,0.49725
TP53,25,98,0.0,0.4,-0.005039,5,0.435,200,0.5,0.49496
TP53,25,98,0.0,0.4,-0.005039,10,0.355,200,0.5,0.49496
TP53,25,98,0.0,0.4,-0.005039,20,0.245,200,0.5,0.49496
TP53,25,98,0.0,0.4,-0.005039,40,0.16,200,0.5,0.49496
TP53,25,98,0.0,0.4,-0.005039,80,0.015,200,0.5,0.49496
TP53,25,98,0.0,0.4,-0.005039,98,0.0,1,0.5,0.49496
TP53,25,98,0.0,0.6,-0.007059,5,0.425,200,0.5,0.49294
TP53,25,98,0.0,0.6,-0.007059,10,0.36,200,0.5,0.49294
TP53,25,98,0.0,0.6,-0.007059,20,0.275,200,0.5,0.49294
TP53,25,98,0.0,0.6,-0.007059,40,0.15,200,0.5,0.49294
TP53,25,98,0.0,0.6,-0.007059,80,0.005,200,0.5,0.49294
TP53,25,98,0.0,0.6,-0.007059,98,0.0,1,0.5,0.49294
TP53,25,98,0.0,0.8,-0.00809,5,0.465,200,0.5,0.49191
TP53,25,98,0.0,0.8,-0.00809,10,0.365,200,0.5,0.49191
TP53,25,98,0.0,0.8,-0.00809,20,0.25,200,0.5,0.49191
TP53,25,98,0.0,0.8,-0.00809,40,0.15,200,0.5,0.49191
TP53,25,98,0.0,0.8,-0.00809,80,0.005,200,0.5,0.49191
TP53,25,98,0.0,0.8,-0.00809,98,0.0,1,0.5,0.49191
TP53,25,98,0.0,1.0,-0.007984,5,0.515,200,0.5,0.49202
TP53,25,98,0.0,1.0,-0.007984,10,0.35,200,0.5,0.49202
TP53,25,98,0.0,1.0,-0.007984,20,0.325,200,0.5,0.49202
TP53,25,98,0.0,1.0,-0.007984,40,0.195,200,0.5,0.49202
TP53,25,98,0.0,1.0,-0.007984,80,0.015,200,0.5,0.49202
TP53,25,98,0.0,1.0,-0.007984,98,0.0,1,0.5,0.49202
TP53,25,98,0.2,0.4,-0.002293,5,0.39,200,0.49725,0.49496
TP53,25,98,0.2,0.4,-0.002293,10,0.3,200,0.49725,0.49496
TP53,25,98,0.2,0.4,-0.002293,20,0.235,200,0.49725,0.49496
TP53,25,98,0.2,0.4,-0.002293,40,0.18,200,0.49725,0.49496
TP53,25,98,0.2,0.4,-0.002293,80,0.02,200,0.49725,0.49496
TP53,25,98,0.2,0.4,-0.002293,98,0.0,1,0.49725,0.49496
TP53,25,98,0.2,0.6,-0.004313,5,0.385,200,0.49725,0.49294
TP53,25,98,0.2,0.6,-0.004313,10,0.265,200,0.49725,0.49294
TP53,25,98,0.2,0.6,-0.004313,20,0.285,200,0.49725,0.49294
TP53,25,98,0.2,0.6,-0.004313,40,0.195,200,0.49725,0.49294
TP53,25,98,0.2,0.6,-0.004313,80,0.015,200,0.49725,0.49294
TP53,25,98,0.2,0.6,-0.004313,98,0.0,1,0.49725,0.49294
TP53,25,98,0.2,0.8,-0.005344,5,0.41,200,0.49725,0.49191
TP53,25,98,0.2,0.8,-0.005344,10,0.325,200,0.49725,0.49191
TP53,25,98,0.2,0.8,-0.005344,20,0.31,200,0.49725,0.49191
TP53,25,98,0.2,0.8,-0.005344,40,0.15,200,0.49725,0.49191
TP53,25,98,0.2,0.8,-0.005344,80,0.015,200,0.49725,0.49191
TP53,25,98,0.2,0.8,-0.005344,98,0.0,1,0.49725,0.49191
TP53,25,98,0.2,1.0,-0.005239,5,0.385,200,0.49725,0.49202
TP53,25,98,0.2,1.0,-0.005239,10,0.43,200,0.49725,0.49202
TP53,25,98,0.2,1.0,-0.005239,20,0.315,200,0.49725,0.49202
TP53,25,98,0.2,1.0,-0.005239,40,0.29,200,0.49725,0.49202
TP53,25,98,0.2,1.0,-0.005239,80,0.02,200,0.49725,0.49202
TP53,25,98,0.2,1.0,-0.005239,98,0.0,1,0.49725,0.49202
TP53,25,98,0.4,0.6,-0.00202,5,0.405,200,0.49496,0.49294
TP53,25,98,0.4,0.6,-0.00202,10,0.365,200,0.49496,0.49294
TP53,25,98,0.4,0.6,-0.00202,20,0.25,200,0.49496,0.49294
TP53,25,98,0.4,0.6,-0.00202,40,0.175,200,0.49496,0.49294
TP53,25,98,0.4,0.6,-0.00202,80,0.01,200,0.49496,0.49294
TP53,25,98,0.4,0.6,-0.00202,98,0.0,1,0.49496,0.49294
TP53,25,98,0.4,0.8,-0.003051,5,0.45,200,0.49496,0.49191
TP53,25,98,0.4,0.8,-0.003051,10,0.4,200,0.49496,0.49191
TP53,25,98,0.4,0.8,-0.003051,20,0.32,200,0.49496,0.49191
TP53,25,98,0.4,0.8,-0.003051,40,0.225,200,0.49496,0.49191
TP53,25,98,0.4,0.8,-0.003051,80,0.005,200,0.49496,0.49191
TP53,25,98,0.4,0.8,-0.003051,98,0.0,1,0.49496,0.49191
TP53,25,98,0.4,1.0,-0.002946,5,0.37,200,0.49496,0.49202
TP53,25,98,0.4,1.0,-0.002946,10,0.44,200,0.49496,0.49202
TP53,25,98,0.4,1.0,-0.002946,20,0.42,200,0.49496,0.49202
TP53,25,98,0.4,1.0,-0.002946,40,0.32,200,0.49496,0.49202
TP53,25,98,0.4,1.0,-0.002946,80,0.055,200,0.49496,0.49202
TP53,25,98,0.4,1.0,-0.002946,98,0.0,1,0.49496,0.49202
TP53,25,98,0.6,0.8,-0.001031,5,0.445,200,0.49294,0.49191
TP53,25,98,0.6,0.8,-0.001031,10,0.455,200,0.49294,0.49191
TP53,25,98,0.6,0.8,-0.001031,20,0.39,200,0.49294,0.49191
TP53,25,98,0.6,0.8,-0.001031,40,0.29,200,0.49294,0.49191
TP53,25,98,0.6,0.8,-0.001031,80,0.115,200,0.49294,0.49191
TP53,25,98,0.6,0.8,-0.001031,98,0.0,1,0.49294,0.49191
TP53,25,98,0.6,1.0,-0.000926,5,0.5,200,0.49294,0.49202
TP53,25,98,0.6,1.0,-0.000926,10,0.485,200,0.49294,0.49202
TP53,25,98,0.6,1.0,-0.000926,20,0.44,200,0.49294,0.49202
TP53,25,98,0.6,1.0,-0.000926,40,0.43,200,0.49294,0.49202
TP53,25,98,0.6,1.0,-0.000926,80,0.17,200,0.49294,0.49202
TP53,25,98,0.6,1.0,-0.000926,98,0.0,1,0.49294,0.49202
TP53,25,98,0.8,1.0,0.000105,5,0.48,200,0.49191,0.49202
TP53,25,98,0.8,1.0,0.000105,10,0.505,200,0.49191,0.49202
TP53,25,98,0.8,1.0,0.000105,20,0.565,200,0.49191,0.49202
TP53,25,98,0.8,1.0,0.000105,40,0.5,200,0.49191,0.49202
TP53,25,98,0.8,1.0,0.000105,80,0.5,200,0.49191,0.49202
TP53,25,98,0.8,1.0,0.000105,98,1.0,1,0.49191,0.49202
TP53,50,98,0.0,0.2,-0.002714,5,0.425,200,0.5,0.49729
TP53,50,98,0.0,0.2,-0.002714,10,0.34,200,0.5,0.49729
TP53,50,98,0.0,0.2,-0.002714,20,0.27,200,0.5,0.49729
TP53,50,98,0.0,0.2,-0.002714,40,0.18,200,0.5,0.49729
TP53,50,98,0.0,0.2,-0.002714,80,0.0,200,0.5,0.49729
TP53,50,98,0.0,0.2,-0.002714,98,0.0,1,0.5,0.49729
TP53,50,98,0.0,0.4,-0.002398,5,0.415,200,0.5,0.4976
TP53,50,98,0.0,0.4,-0.002398,10,0.44,200,0.5,0.4976
TP53,50,98,0.0,0.4,-0.002398,20,0.35,200,0.5,0.4976
TP53,50,98,0.0,0.4,-0.002398,40,0.31,200,0.5,0.4976
TP53,50,98,0.0,0.4,-0.002398,80,0.105,200,0.5,0.4976
TP53,50,98,0.0,0.4,-0.002398,98,0.0,1,0.5,0.4976
TP53,50,98,0.0,0.6,-0.002672,5,0.505,200,0.5,0.49733
TP53,50,98,0.0,0.6,-0.002672,10,0.475,200,0.5,0.49733
TP53,50,98,0.0,0.6,-0.002672,20,0.45,200,0.5,0.49733
TP53,50,98,0.0,0.6,-0.002672,40,0.45,200,0.5,0.49733
TP53,50,98,0.0,0.6,-0.002672,80,0.205,200,0.5,0.49733
TP53,50,98,0.0,0.6,-0.002672,98,0.0,1,0.5,0.49733
TP53,50,98,0.0,0.8,-0.002546,5,0.475,200,0.5,0.49745
TP53,50,98,0.0,0.8,-0.002546,10,0.425,200,0.5,0.49745
TP53,50,98,0.0,0.8,-0.002546,20,0.48,200,0.5,0.49745
TP53,50,98,0.0,0.8,-0.002546,40,0.435,200,0.5,0.49745
TP53,50,98,0.0,0.8,-0.002546,80,0.245,200,0.5,0.49745
TP53,50,98,0.0,0.8,-0.002546,98,0.0,1,0.5,0.49745
TP53,50,98,0.0,1.0,-0.001988,5,0.47,200,0.5,0.49801
TP53,50,98,0.0,1.0,-0.001988,10,0.44,200,0.5,0.49801
TP53,50,98,0.0,1.0,-0.001988,20,0.43,200,0.5,0.49801
TP53,50,98,0.0,1.0,-0.001988,40,0.41,200,0.5,0.49801
TP53,50,98,0.0,1.0,-0.001988,80,0.42,200,0.5,0.49801
TP53,50,98,0.0,1.0,-0.001988,98,0.0,1,0.5,0.49801
TP53,50,98,0.2,0.4,0.000316,5,0.505,200,0.49729,0.4976
TP53,50,98,0.2,0.4,0.000316,10,0.455,200,0.49729,0.4976
TP53,50,98,0.2,0.4,0.000316,20,0.51,200,0.49729,0.4976
TP53,50,98,0.2,0.4,0.000316,40,0.53,200,0.49729,0.4976
TP53,50,98,0.2,0.4,0.000316,80,0.555,200,0.49729,0.4976
TP53,50,98,0.2,0.4,0.000316,98,1.0,1,0.49729,0.4976
TP53,50,98,0.2,0.6,4.2e-05,5,0.535,200,0.49729,0.49733
TP53,50,98,0.2,0.6,4.2e-05,10,0.52,200,0.49729,0.49733
TP53,50,98,0.2,0.6,4.2e-05,20,0.505,200,0.49729,0.49733
TP53,50,98,0.2,0.6,4.2e-05,40,0.525,200,0.49729,0.49733
TP53,50,98,0.2,0.6,4.2e-05,80,0.54,200,0.49729,0.49733
TP53,50,98,0.2,0.6,4.2e-05,98,1.0,1,0.49729,0.49733
TP53,50,98,0.2,0.8,0.000168,5,0.55,200,0.49729,0.49745
TP53,50,98,0.2,0.8,0.000168,10,0.51,200,0.49729,0.49745
TP53,50,98,0.2,0.8,0.000168,20,0.48,200,0.49729,0.49745
TP53,50,98,0.2,0.8,0.000168,40,0.5,200,0.49729,0.49745
TP53,50,98,0.2,0.8,0.000168,80,0.56,200,0.49729,0.49745
TP53,50,98,0.2,0.8,0.000168,98,1.0,1,0.49729,0.49745
TP53,50,98,0.2,1.0,0.000726,5,0.56,200,0.49729,0.49801
TP53,50,98,0.2,1.0,0.000726,10,0.53,200,0.49729,0.49801
TP53,50,98,0.2,1.0,0.000726,20,0.545,200,0.49729,0.49801
TP53,50,98,0.2,1.0,0.000726,40,0.485,200,0.49729,0.49801
TP53,50,98,0.2,1.0,0.000726,80,0.545,200,0.49729,0.49801
TP53,50,98,0.2,1.0,0.000726,98,1.0,1,0.49729,0.49801
TP53,50,98,0.4,0.6,-0.000274,5,0.465,200,0.4976,0.49733
TP53,50,98,0.4,0.6,-0.000274,10,0.5,200,0.4976,0.49733
TP53,50,98,0.4,0.6,-0.000274,20,0.515,200,0.4976,0.49733
TP53,50,98,0.4,0.6,-0.000274,40,0.485,200,0.4976,0.49733
TP53,50,98,0.4,0.6,-0.000274,80,0.47,200,0.4976,0.49733
TP53,50,98,0.4,0.6,-0.000274,98,0.0,1,0.4976,0.49733
TP53,50,98,0.4,0.8,-0.000147,5,0.53,200,0.4976,0.49745
TP53,50,98,0.4,0.8,-0.000147,10,0.48,200,0.4976,0.49745
TP53,50,98,0.4,0.8,-0.000147,20,0.48,200,0.4976,0.49745
TP53,50,98,0.4,0.8,-0.000147,40,0.555,200,0.4976,0.49745
TP53,50,98,0.4,0.8,-0.000147,80,0.465,200,0.4976,0.49745
TP53,50,98,0.4,0.8,-0.000147,98,0.0,1,0.4976,0.49745
TP53,50,98,0.4,1.0,0.00041,5,0.495,200,0.4976,0.49801
TP53,50,98,0.4,1.0,0.00041,10,0.47,200,0.4976,0.49801
TP53,50,98,0.4,1.0,0.00041,20,0.515,200,0.4976,0.49801
TP53,50,98,0.4,1.0,0.00041,40,0.485,200,0.4976,0.49801
TP53,50,98,0.4,1.0,0.00041,80,0.555,200,0.4976,0.49801
TP53,50,98,0.4,1.0,0.00041,98,1.0,1,0.4976,0.49801
TP53,50,98,0.6,0.8,0.000126,5,0.47,200,0.49733,0.49745
TP53,50,98,0.6,0.8,0.000126,10,0.475,200,0.49733,0.49745
TP53,50,98,0.6,0.8,0.000126,20,0.5,200,0.49733,0.49745
TP53,50,98,0.6,0.8,0.000126,40,0.48,200,0.49733,0.49745
TP53,50,98,0.6,0.8,0.000126,80,0.56,200,0.49733,0.49745
TP53,50,98,0.6,0.8,0.000126,98,1.0,1,0.49733,0.49745
TP53,50,98,0.6,1.0,0.000684,5,0.56,200,0.49733,0.49801
TP53,50,98,0.6,1.0,0.000684,10,0.45,200,0.49733,0.49801
TP53,50,98,0.6,1.0,0.000684,20,0.565,200,0.49733,0.49801
TP53,50,98,0.6,1.0,0.000684,40,0.625,200,0.49733,0.49801
TP53,50,98,0.6,1.0,0.000684,80,0.67,200,0.49733,0.49801
TP53,50,98,0.6,1.0,0.000684,98,1.0,1,0.49733,0.49801
TP53,50,98,0.8,1.0,0.000558,5,0.56,200,0.49745,0.49801
TP53,50,98,0.8,1.0,0.000558,10,0.565,200,0.49745,0.49801
TP53,50,98,0.8,1.0,0.000558,20,0.53,200,0.49745,0.49801
TP53,50,98,0.8,1.0,0.000558,40,0.625,200,0.49745,0.49801
TP53,50,98,0.8,1.0,0.000558,80,0.8,200,0.49745,0.49801
TP53,50,98,0.8,1.0,0.000558,98,1.0,1,0.49745,0.49801
KRAS,25,97,0.0,0.2,0.00058,5,0.51,200,0.5,0.50058
KRAS,25,97,0.0,0.2,0.00058,10,0.575,200,0.5,0.50058
KRAS,25,97,0.0,0.2,0.00058,20,0.57,200,0.5,0.50058
KRAS,25,97,0.0,0.2,0.00058,40,0.545,200,0.5,0.50058
KRAS,25,97,0.0,0.2,0.00058,80,0.66,200,0.5,0.50058
KRAS,25,97,0.0,0.2,0.00058,97,1.0,1,0.5,0.50058
KRAS,25,97,0.0,0.4,0.003082,5,0.57,200,0.5,0.50308
KRAS,25,97,0.0,0.4,0.003082,10,0.595,200,0.5,0.50308
KRAS,25,97,0.0,0.4,0.003082,20,0.58,200,0.5,0.50308
KRAS,25,97,0.0,0.4,0.003082,40,0.71,200,0.5,0.50308
KRAS,25,97,0.0,0.4,0.003082,80,0.925,200,0.5,0.50308
KRAS,25,97,0.0,0.4,0.003082,97,1.0,1,0.5,0.50308
KRAS,25,97,0.0,0.6,0.005692,5,0.59,200,0.5,0.50569
KRAS,25,97,0.0,0.6,0.005692,10,0.67,200,0.5,0.50569
KRAS,25,97,0.0,0.6,0.005692,20,0.695,200,0.5,0.50569
KRAS,25,97,0.0,0.6,0.005692,40,0.76,200,0.5,0.50569
KRAS,25,97,0.0,0.6,0.005692,80,0.99,200,0.5,0.50569
KRAS,25,97,0.0,0.6,0.005692,97,1.0,1,0.5,0.50569
KRAS,25,97,0.0,0.8,0.006733,5,0.58,200,0.5,0.50673
KRAS,25,97,0.0,0.8,0.006733,10,0.64,200,0.5,0.50673
KRAS,25,97,0.0,0.8,0.006733,20,0.68,200,0.5,0.50673
KRAS,25,97,0.0,0.8,0.006733,40,0.765,200,0.5,0.50673
KRAS,25,97,0.0,0.8,0.006733,80,0.985,200,0.5,0.50673
KRAS,25,97,0.0,0.8,0.006733,97,1.0,1,0.5,0.50673
KRAS,25,97,0.0,1.0,0.007313,5,0.5,200,0.5,0.50731
KRAS,25,97,0.0,1.0,0.007313,10,0.605,200,0.5,0.50731
KRAS,25,97,0.0,1.0,0.007313,20,0.74,200,0.5,0.50731
KRAS,25,97,0.0,1.0,0.007313,40,0.8,200,0.5,0.50731
KRAS,25,97,0.0,1.0,0.007313,80,0.99,200,0.5,0.50731
KRAS,25,97,0.0,1.0,0.007313,97,1.0,1,0.5,0.50731
KRAS,25,97,0.2,0.4,0.002502,5,0.66,200,0.50058,0.50308
KRAS,25,97,0.2,0.4,0.002502,10,0.635,200,0.50058,0.50308
KRAS,25,97,0.2,0.4,0.002502,20,0.705,200,0.50058,0.50308
KRAS,25,97,0.2,0.4,0.002502,40,0.86,200,0.50058,0.50308
KRAS,25,97,0.2,0.4,0.002502,80,0.985,200,0.50058,0.50308
KRAS,25,97,0.2,0.4,0.002502,97,1.0,1,0.50058,0.50308
KRAS,25,97,0.2,0.6,0.005112,5,0.63,200,0.50058,0.50569
KRAS,25,97,0.2,0.6,0.005112,10,0.67,200,0.50058,0.50569
KRAS,25,97,0.2,0.6,0.005112,20,0.765,200,0.50058,0.50569
KRAS,25,97,0.2,0.6,0.005112,40,0.83,200,0.50058,0.50569
KRAS,25,97,0.2,0.6,0.005112,80,0.995,200,0.50058,0.50569
KRAS,25,97,0.2,0.6,0.005112,97,1.0,1,0.50058,0.50569
KRAS,25,97,0.2,0.8,0.006153,5,0.59,200,0.50058,0.50673
KRAS,25,97,0.2,0.8,0.006153,10,0.695,200,0.50058,0.50673
KRAS,25,97,0.2,0.8,0.006153,20,0.705,200,0.50058,0.50673
KRAS,25,97,0.2,0.8,0.006153,40,0.87,200,0.50058,0.50673
KRAS,25,97,0.2,0.8,0.006153,80,0.995,200,0.50058,0.50673
KRAS,25,97,0.2,0.8,0.006153,97,1.0,1,0.50058,0.50673
KRAS,25,97,0.2,1.0,0.006733,5,0.63,200,0.50058,0.50731
KRAS,25,97,0.2,1.0,0.006733,10,0.63,200,0.50058,0.50731
KRAS,25,97,0.2,1.0,0.006733,20,0.72,200,0.50058,0.50731
KRAS,25,97,0.2,1.0,0.006733,40,0.81,200,0.50058,0.50731
KRAS,25,97,0.2,1.0,0.006733,80,0.985,200,0.50058,0.50731
KRAS,25,97,0.2,1.0,0.006733,97,1.0,1,0.50058,0.50731
KRAS,25,97,0.4,0.6,0.00261,5,0.65,200,0.50308,0.50569
KRAS,25,97,0.4,0.6,0.00261,10,0.71,200,0.50308,0.50569
KRAS,25,97,0.4,0.6,0.00261,20,0.795,200,0.50308,0.50569
KRAS,25,97,0.4,0.6,0.00261,40,0.895,200,0.50308,0.50569
KRAS,25,97,0.4,0.6,0.00261,80,1.0,200,0.50308,0.50569
KRAS,25,97,0.4,0.6,0.00261,97,1.0,1,0.50308,0.50569
KRAS,25,97,0.4,0.8,0.003651,5,0.61,200,0.50308,0.50673
KRAS,25,97,0.4,0.8,0.003651,10,0.645,200,0.50308,0.50673
KRAS,25,97,0.4,0.8,0.003651,20,0.72,200,0.50308,0.50673
KRAS,25,97,0.4,0.8,0.003651,40,0.875,200,0.50308,0.50673
KRAS,25,97,0.4,0.8,0.003651,80,1.0,200,0.50308,0.50673
KRAS,25,97,0.4,0.8,0.003651,97,1.0,1,0.50308,0.50673
KRAS,25,97,0.4,1.0,0.004231,5,0.615,200,0.50308,0.50731
KRAS,25,97,0.4,1.0,0.004231,10,0.62,200,0.50308,0.50731
KRAS,25,97,0.4,1.0,0.004231,20,0.745,200,0.50308,0.50731
KRAS,25,97,0.4,1.0,0.004231,40,0.795,200,0.50308,0.50731
KRAS,25,97,0.4,1.0,0.004231,80,1.0,200,0.50308,0.50731
KRAS,25,97,0.4,1.0,0.004231,97,1.0,1,0.50308,0.50731
KRAS,25,97,0.6,0.8,0.001042,5,0.545,200,0.50569,0.50673
KRAS,25,97,0.6,0.8,0.001042,10,0.655,200,0.50569,0.50673
KRAS,25,97,0.6,0.8,0.001042,20,0.7,200,0.50569,0.50673
KRAS,25,97,0.6,0.8,0.001042,40,0.685,200,0.50569,0.50673
KRAS,25,97,0.6,0.8,0.001042,80,0.96,200,0.50569,0.50673
KRAS,25,97,0.6,0.8,0.001042,97,1.0,1,0.50569,0.50673
KRAS,25,97,0.6,1.0,0.001622,5,0.63,200,0.50569,0.50731
KRAS,25,97,0.6,1.0,0.001622,10,0.58,200,0.50569,0.50731
KRAS,25,97,0.6,1.0,0.001622,20,0.56,200,0.50569,0.50731
KRAS,25,97,0.6,1.0,0.001622,40,0.75,200,0.50569,0.50731
KRAS,25,97,0.6,1.0,0.001622,80,0.935,200,0.50569,0.50731
KRAS,25,97,0.6,1.0,0.001622,97,1.0,1,0.50569,0.50731
KRAS,25,97,0.8,1.0,0.00058,5,0.57,200,0.50673,0.50731
KRAS,25,97,0.8,1.0,0.00058,10,0.545,200,0.50673,0.50731
KRAS,25,97,0.8,1.0,0.00058,20,0.66,200,0.50673,0.50731
KRAS,25,97,0.8,1.0,0.00058,40,0.7,200,0.50673,0.50731
KRAS,25,97,0.8,1.0,0.00058,80,0.805,200,0.50673,0.50731
KRAS,25,97,0.8,1.0,0.00058,97,1.0,1,0.50673,0.50731
KRAS,50,97,0.0,0.2,0.000816,5,0.555,200,0.5,0.50082
KRAS,50,97,0.0,0.2,0.000816,10,0.605,200,0.5,0.50082
KRAS,50,97,0.0,0.2,0.000816,20,0.585,200,0.5,0.50082
KRAS,50,97,0.0,0.2,0.000816,40,0.64,200,0.5,0.50082
KRAS,50,97,0.0,0.2,0.000816,80,0.79,200,0.5,0.50082
KRAS,50,97,0.0,0.2,0.000816,97,1.0,1,0.5,0.50082
KRAS,50,97,0.0,0.4,0.002051,5,0.575,200,0.5,0.50205
KRAS,50,97,0.0,0.4,0.002051,10,0.55,200,0.5,0.50205
KRAS,50,97,0.0,0.4,0.002051,20,0.605,200,0.5,0.50205
KRAS,50,97,0.0,0.4,0.002051,40,0.675,200,0.5,0.50205
KRAS,50,97,0.0,0.4,0.002051,80,0.805,200,0.5,0.50205
KRAS,50,97,0.0,0.4,0.002051,97,1.0,1,0.5,0.50205
KRAS,50,97,0.0,0.6,0.003866,5,0.52,200,0.5,0.50387
KRAS,50,97,0.0,0.6,0.003866,10,0.62,200,0.5,0.50387
KRAS,50,97,0.0,0.6,0.003866,20,0.655,200,0.5,0.50387
KRAS,50,97,0.0,0.6,0.003866,40,0.685,200,0.5,0.50387
KRAS,50,97,0.0,0.6,0.003866,80,0.875,200,0.5,0.50387
KRAS,50,97,0.0,0.6,0.003866,97,1.0,1,0.5,0.50387
KRAS,50,97,0.0,0.8,0.003071,5,0.55,200,0.5,0.50307
KRAS,50,97,0.0,0.8,0.003071,10,0.625,200,0.5,0.50307
KRAS,50,97,0.0,0.8,0.003071,20,0.545,200,0.5,0.50307
KRAS,50,97,0.0,0.8,0.003071,40,0.59,200,0.5,0.50307
KRAS,50,97,0.0,0.8,0.003071,80,0.82,200,0.5,0.50307
KRAS,50,97,0.0,0.8,0.003071,97,1.0,1,0.5,0.50307
KRAS,50,97,0.0,1.0,0.002051,5,0.525,200,0.5,0.50205
KRAS,50,97,0.0,1.0,0.002051,10,0.495,200,0.5,0.50205
KRAS,50,97,0.0,1.0,0.002051,20,0.545,200,0.5,0.50205
KRAS,50,97,0.0,1.0,0.002051,40,0.585,200,0.5,0.50205
KRAS,50,97,0.0,1.0,0.002051,80,0.735,200,0.5,0.50205
KRAS,50,97,0.0,1.0,0.002051,97,1.0,1,0.5,0.50205
KRAS,50,97,0.2,0.4,0.001235,5,0.605,200,0.50082,0.50205
KRAS,50,97,0.2,0.4,0.001235,10,0.525,200,0.50082,0.50205
KRAS,50,97,0.2,0.4,0.001235,20,0.635,200,0.50082,0.50205
KRAS,50,97,0.2,0.4,0.001235,40,0.63,200,0.50082,0.50205
KRAS,50,97,0.2,0.4,0.001235,80,0.89,200,0.50082,0.50205
KRAS,50,97,0.2,0.4,0.001235,97,1.0,1,0.50082,0.50205
KRAS,50,97,0.2,0.6,0.00305,5,0.495,200,0.50082,0.50387
KRAS,50,97,0.2,0.6,0.00305,10,0.63,200,0.50082,0.50387
KRAS,50,97,0.2,0.6,0.00305,20,0.62,200,0.50082,0.50387
KRAS,50,97,0.2,0.6,0.00305,40,0.735,200,0.50082,0.50387
KRAS,50,97,0.2,0.6,0.00305,80,0.97,200,0.50082,0.50387
KRAS,50,97,0.2,0.6,0.00305,97,1.0,1,0.50082,0.50387
KRAS,50,97,0.2,0.8,0.002255,5,0.56,200,0.50082,0.50307
KRAS,50,97,0.2,0.8,0.002255,10,0.565,200,0.50082,0.50307
KRAS,50,97,0.2,0.8,0.002255,20,0.56,200,0.50082,0.50307
KRAS,50,97,0.2,0.8,0.002255,40,0.655,200,0.50082,0.50307
KRAS,50,97,0.2,0.8,0.002255,80,0.83,200,0.50082,0.50307
KRAS,50,97,0.2,0.8,0.002255,97,1.0,1,0.50082,0.50307
KRAS,50,97,0.2,1.0,0.001235,5,0.535,200,0.50082,0.50205
KRAS,50,97,0.2,1.0,0.001235,10,0.545,200,0.50082,0.50205
KRAS,50,97,0.2,1.0,0.001235,20,0.58,200,0.50082,0.50205
KRAS,50,97,0.2,1.0,0.001235,40,0.56,200,0.50082,0.50205
KRAS,50,97,0.2,1.0,0.001235,80,0.66,200,0.50082,0.50205
KRAS,50,97,0.2,1.0,0.001235,97,1.0,1,0.50082,0.50205
KRAS,50,97,0.4,0.6,0.001815,5,0.53,200,0.50205,0.50387
KRAS,50,97,0.4,0.6,0.001815,10,0.65,200,0.50205,0.50387
KRAS,50,97,0.4,0.6,0.001815,20,0.635,200,0.50205,0.50387
KRAS,50,97,0.4,0.6,0.001815,40,0.74,200,0.50205,0.50387
KRAS,50,97,0.4,0.6,0.001815,80,0.96,200,0.50205,0.50387
KRAS,50,97,0.4,0.6,0.001815,97,1.0,1,0.50205,0.50387
KRAS,50,97,0.4,0.8,0.00102,5,0.53,200,0.50205,0.50307
KRAS,50,97,0.4,0.8,0.00102,10,0.5,200,0.50205,0.50307
KRAS,50,97,0.4,0.8,0.00102,20,0.59,200,0.50205,0.50307
KRAS,50,97,0.4,0.8,0.00102,40,0.585,200,0.50205,0.50307
KRAS,50,97,0.4,0.8,0.00102,80,0.765,200,0.50205,0.50307
KRAS,50,97,0.4,0.8,0.00102,97,1.0,1,0.50205,0.50307
KRAS,50,97,0.4,1.0,-0.0,5,0.56,200,0.50205,0.50205
KRAS,50,97,0.4,1.0,-0.0,10,0.48,200,0.50205,0.50205
KRAS,50,97,0.4,1.0,-0.0,20,0.495,200,0.50205,0.50205
KRAS,50,97,0.4,1.0,-0.0,40,0.53,200,0.50205,0.50205
KRAS,50,97,0.4,1.0,-0.0,80,0.485,200,0.50205,0.50205
KRAS,50,97,0.4,1.0,-0.0,97,0.0,1,0.50205,0.50205
KRAS,50,97,0.6,0.8,-0.000795,5,0.42,200,0.50387,0.50307
KRAS,50,97,0.6,0.8,-0.000795,10,0.4,200,0.50387,0.50307
KRAS,50,97,0.6,0.8,-0.000795,20,0.39,200,0.50387,0.50307
KRAS,50,97,0.6,0.8,-0.000795,40,0.34,200,0.50387,0.50307
KRAS,50,97,0.6,0.8,-0.000795,80,0.205,200,0.50387,0.50307
KRAS,50,97,0.6,0.8,-0.000795,97,0.0,1,0.50387,0.50307
KRAS,50,97,0.6,1.0,-0.001815,5,0.49,200,0.50387,0.50205
KRAS,50,97,0.6,1.0,-0.001815,10,0.42,200,0.50387,0.50205
KRAS,50,97,0.6,1.0,-0.001815,20,0.355,200,0.50387,0.50205
KRAS,50,97,0.6,1.0,-0.001815,40,0.38,200,0.50387,0.50205
KRAS,50,97,0.6,1.0,-0.001815,80,0.065,200,0.50387,0.50205
KRAS,50,97,0.6,1.0,-0.001815,97,0.0,1,0.50387,0.50205
KRAS,50,97,0.8,1.0,-0.00102,5,0.46,200,0.50307,0.50205
KRAS,50,97,0.8,1.0,-0.00102,10,0.425,200,0.50307,0.50205
KRAS,50,97,0.8,1.0,-0.00102,20,0.365,200,0.50307,0.50205
KRAS,50,97,0.8,1.0,-0.00102,40,0.29,200,0.50307,0.50205
KRAS,50,97,0.8,1.0,-0.00102,80,0.05,200,0.50307,0.50205
KRAS,50,97,0.8,1.0,-0.00102,97,0.0,1,0.50307,0.50205
KRAS,100,97,0.0,0.2,-0.000172,5,0.475,200,0.5,0.49983
KRAS,100,97,0.0,0.2,-0.000172,10,0.475,200,0.5,0.49983
KRAS,100,97,0.0,0.2,-0.000172,20,0.52,200,0.5,0.49983
KRAS,100,97,0.0,0.2,-0.000172,40,0.54,200,0.5,0.49983
KRAS,100,97,0.0,0.2,-0.000172,80,0.495,200,0.5,0.49983
KRAS,100,97,0.0,0.2,-0.000172,97,0.0,1,0.5,0.49983
KRAS,100,97,0.0,0.4,-0.001579,5,0.475,200,0.5,0.49842
KRAS,100,97,0.0,0.4,-0.001579,10,0.445,200,0.5,0.49842
KRAS,100,97,0.0,0.4,-0.001579,20,0.45,200,0.5,0.49842
KRAS,100,97,0.0,0.4,-0.001579,40,0.415,200,0.5,0.49842
KRAS,100,97,0.0,0.4,-0.001579,80,0.28,200,0.5,0.49842
KRAS,100,97,0.0,0.4,-0.001579,97,0.0,1,0.5,0.49842
KRAS,100,97,0.0,0.6,-0.002191,5,0.565,200,0.5,0.49781
KRAS,100,97,0.0,0.6,-0.002191,10,0.455,200,0.5,0.49781
KRAS,100,97,0.0,0.6,-0.002191,20,0.375,200,0.5,0.49781
KRAS,100,97,0.0,0.6,-0.002191,40,0.445,200,0.5,0.49781
KRAS,100,97,0.0,0.6,-0.002191,80,0.23,200,0.5,0.49781
KRAS,100,97,0.0,0.6,-0.002191,97,0.0,1,0.5,0.49781
KRAS,100,97,0.0,0.8,-0.001944,5,0.475,200,0.5,0.49806
KRAS,100,97,0.0,0.8,-0.001944,10,0.445,200,0.5,0.49806
KRAS,100,97,0.0,0.8,-0.001944,20,0.505,200,0.5,0.49806
KRAS,100,97,0.0,0.8,-0.001944,40,0.425,200,0.5,0.49806
KRAS,100,97,0.0,0.8,-0.001944,80,0.25,200,0.5,0.49806
KRAS,100,97,0.0,0.8,-0.001944,97,0.0,1,0.5,0.49806
KRAS,100,97,0.0,1.0,-0.002105,5,0.515,200,0.5,0.4979
KRAS,100,97,0.0,1.0,-0.002105,10,0.495,200,0.5,0.4979
KRAS,100,97,0.0,1.0,-0.002105,20,0.51,200,0.5,0.4979
KRAS,100,97,0.0,1.0,-0.002105,40,0.385,200,0.5,0.4979
KRAS,100,97,0.0,1.0,-0.002105,80,0.38,200,0.5,0.4979
KRAS,100,97,0.0,1.0,-0.002105,97,0.0,1,0.5,0.4979
KRAS,100,97,0.2,0.4,-0.001407,5,0.525,200,0.49983,0.49842
KRAS,100,97,0.2,0.4,-0.001407,10,0.41,200,0.49983,0.49842
KRAS,100,97,0.2,0.4,-0.001407,20,0.38,200,0.49983,0.49842
KRAS,100,97,0.2,0.4,-0.001407,40,0.315,200,0.49983,0.49842
KRAS,100,97,0.2,0.4,-0.001407,80,0.115,200,0.49983,0.49842
KRAS,100,97,0.2,0.4,-0.001407,97,0.0,1,0.49983,0.49842
KRAS,100,97,0.2,0.6,-0.002019,5,0.52,200,0.49983,0.49781
KRAS,100,97,0.2,0.6,-0.002019,10,0.42,200,0.49983,0.49781
KRAS,100,97,0.2,0.6,-0.002019,20,0.43,200,0.49983,0.49781
KRAS,100,97,0.2,0.6,-0.002019,40,0.35,200,0.49983,0.49781
KRAS,100,97,0.2,0.6,-0.002019,80,0.15,200,0.49983,0.49781
KRAS,100,97,0.2,0.6,-0.002019,97,0.0,1,0.49983,0.49781
KRAS,100,97,0.2,0.8,-0.001772,5,0.465,200,0.49983,0.49806
KRAS,100,97,0.2,0.8,-0.001772,10,0.495,200,0.49983,0.49806
KRAS,100,97,0.2,0.8,-0.001772,20,0.465,200,0.49983,0.49806
KRAS,100,97,0.2,0.8,-0.001772,40,0.4,200,0.49983,0.49806
KRAS,100,97,0.2,0.8,-0.001772,80,0.315,200,0.49983,0.49806
KRAS,100,97,0.2,0.8,-0.001772,97,0.0,1,0.49983,0.49806
KRAS,100,97,0.2,1.0,-0.001933,5,0.42,200,0.49983,0.4979
KRAS,100,97,0.2,1.0,-0.001933,10,0.44,200,0.49983,0.4979
KRAS,100,97,0.2,1.0,-0.001933,20,0.43,200,0.49983,0.4979
KRAS,100,97,0.2,1.0,-0.001933,40,0.465,200,0.49983,0.4979
KRAS,100,97,0.2,1.0,-0.001933,80,0.27,200,0.49983,0.4979
KRAS,100,97,0.2,1.0,-0.001933,97,0.0,1,0.49983,0.4979
KRAS,100,97,0.4,0.6,-0.000612,5,0.445,200,0.49842,0.49781
KRAS,100,97,0.4,0.6,-0.000612,10,0.45,200,0.49842,0.49781
KRAS,100,97,0.4,0.6,-0.000612,20,0.465,200,0.49842,0.49781
KRAS,100,97,0.4,0.6,-0.000612,40,0.33,200,0.49842,0.49781
KRAS,100,97,0.4,0.6,-0.000612,80,0.255,200,0.49842,0.49781
KRAS,100,97,0.4,0.6,-0.000612,97,0.0,1,0.49842,0.49781
KRAS,100,97,0.4,0.8,-0.000365,5,0.52,200,0.49842,0.49806
KRAS,100,97,0.4,0.8,-0.000365,10,0.445,200,0.49842,0.49806
KRAS,100,97,0.4,0.8,-0.000365,20,0.485,200,0.49842,0.49806
KRAS,100,97,0.4,0.8,-0.000365,40,0.39,200,0.49842,0.49806
KRAS,100,97,0.4,0.8,-0.000365,80,0.455,200,0.49842,0.49806
KRAS,100,97,0.4,0.8,-0.000365,97,0.0,1,0.49842,0.49806
KRAS,100,97,0.4,1.0,-0.000526,5,0.515,200,0.49842,0.4979
KRAS,100,97,0.4,1.0,-0.000526,10,0.475,200,0.49842,0.4979
KRAS,100,97,0.4,1.0,-0.000526,20,0.55,200,0.49842,0.4979
KRAS,100,97,0.4,1.0,-0.000526,40,0.49,200,0.49842,0.4979
KRAS,100,97,0.4,1.0,-0.000526,80,0.41,200,0.49842,0.4979
KRAS,100,97,0.4,1.0,-0.000526,97,0.0,1,0.49842,0.4979
KRAS,100,97,0.6,0.8,0.000247,5,0.545,200,0.49781,0.49806
KRAS,100,97,0.6,0.8,0.000247,10,0.56,200,0.49781,0.49806
KRAS,100,97,0.6,0.8,0.000247,20,0.51,200,0.49781,0.49806
KRAS,100,97,0.6,0.8,0.000247,40,0.475,200,0.49781,0.49806
KRAS,100,97,0.6,0.8,0.000247,80,0.58,200,0.49781,0.49806
KRAS,100,97,0.6,0.8,0.000247,97,1.0,1,0.49781,0.49806
KRAS,100,97,0.6,1.0,8.6e-05,5,0.51,200,0.49781,0.4979
KRAS,100,97,0.6,1.0,8.6e-05,10,0.485,200,0.49781,0.4979
KRAS,100,97,0.6,1.0,8.6e-05,20,0.48,200,0.49781,0.4979
KRAS,100,97,0.6,1.0,8.6e-05,40,0.55,200,0.49781,0.4979
KRAS,100,97,0.6,1.0,8.6e-05,80,0.57,200,0.49781,0.4979
KRAS,100,97,0.6,1.0,8.6e-05,97,1.0,1,0.49781,0.4979
KRAS,100,97,0.8,1.0,-0.000161,5,0.45,200,0.49806,0.4979
KRAS,100,97,0.8,1.0,-0.000161,10,0.455,200,0.49806,0.4979
KRAS,100,97,0.8,1.0,-0.000161,20,0.485,200,0.49806,0.4979
KRAS,100,97,0.8,1.0,-0.000161,40,0.515,200,0.49806,0.4979
KRAS,100,97,0.8,1.0,-0.000161,80,0.41,200,0.49806,0.4979
KRAS,100,97,0.8,1.0,-0.000161,97,0.0,1,0.49806,0.4979
KRAS,150,96,0.0,0.2,-0.003377,5,0.33,200,0.5,0.49662
KRAS,150,96,0.0,0.2,-0.003377,10,0.35,200,0.5,0.49662
KRAS,150,96,0.0,0.2,-0.003377,20,0.325,200,0.5,0.49662
KRAS,150,96,0.0,0.2,-0.003377,40,0.185,200,0.5,0.49662
KRAS,150,96,0.0,0.2,-0.003377,80,0.0,200,0.5,0.49662
KRAS,150,96,0.0,0.2,-0.003377,96,0.0,1,0.5,0.49662
KRAS,150,96,0.0,0.4,-0.007467,5,0.31,200,0.5,0.49253
KRAS,150,96,0.0,0.4,-0.007467,10,0.31,200,0.5,0.49253
KRAS,150,96,0.0,0.4,-0.007467,20,0.255,200,0.5,0.49253
KRAS,150,96,0.0,0.4,-0.007467,40,0.155,200,0.5,0.49253
KRAS,150,96,0.0,0.4,-0.007467,80,0.005,200,0.5,0.49253
KRAS,150,96,0.0,0.4,-0.007467,96,0.0,1,0.5,0.49253
KRAS,150,96,0.0,0.6,-0.011042,5,0.38,200,0.5,0.48896
KRAS,150,96,0.0,0.6,-0.011042,10,0.335,200,0.5,0.48896
KRAS,150,96,0.0,0.6,-0.011042,20,0.245,200,0.5,0.48896
KRAS,150,96,0.0,0.6,-0.011042,40,0.16,200,0.5,0.48896
KRAS,150,96,0.0,0.6,-0.011042,80,0.0,200,0.5,0.48896
KRAS,150,96,0.0,0.6,-0.011042,96,0.0,1,0.5,0.48896
KRAS,150,96,0.0,0.8,-0.013586,5,0.34,200,0.5,0.48641
KRAS,150,96,0.0,0.8,-0.013586,10,0.365,200,0.5,0.48641
KRAS,150,96,0.0,0.8,-0.013586,20,0.23,200,0.5,0.48641
KRAS,150,96,0.0,0.8,-0.013586,40,0.115,200,0.5,0.48641
KRAS,150,96,0.0,0.8,-0.013586,80,0.005,200,0.5,0.48641
KRAS,150,96,0.0,0.8,-0.013586,96,0.0,1,0.5,0.48641
KRAS,150,96,0.0,1.0,-0.014726,5,0.36,200,0.5,0.48527
KRAS,150,96,0.0,1.0,-0.014726,10,0.37,200,0.5,0.48527
KRAS,150,96,0.0,1.0,-0.014726,20,0.215,200,0.5,0.48527
KRAS,150,96,0.0,1.0,-0.014726,40,0.09,200,0.5,0.48527
KRAS,150,96,0.0,1.0,-0.014726,80,0.0,200,0.5,0.48527
KRAS,150,96,0.0,1.0,-0.014726,96,0.0,1,0.5,0.48527
KRAS,150,96,0.2,0.4,-0.00409,5,0.43,200,0.49662,0.49253
KRAS,150,96,0.2,0.4,-0.00409,10,0.32,200,0.49662,0.49253
KRAS,150,96,0.2,0.4,-0.00409,20,0.27,200,0.49662,0.49253
KRAS,150,96,0.2,0.4,-0.00409,40,0.11,200,0.49662,0.49253
KRAS,150,96,0.2,0.4,-0.00409,80,0.0,200,0.49662,0.49253
KRAS,150,96,0.2,0.4,-0.00409,96,0.0,1,0.49662,0.49253
KRAS,150,96,0.2,0.6,-0.007664,5,0.395,200,0.49662,0.48896
KRAS,150,96,0.2,0.6,-0.007664,10,0.29,200,0.49662,0.48896
KRAS,150,96,0.2,0.6,-0.007664,20,0.155,200,0.49662,0.48896
KRAS,150,96,0.2,0.6,-0.007664,40,0.085,200,0.49662,0.48896
KRAS,150,96,0.2,0.6,-0.007664,80,0.0,200,0.49662,0.48896
KRAS,150,96,0.2,0.6,-0.007664,96,0.0,1,0.49662,0.48896
KRAS,150,96,0.2,0.8,-0.010208,5,0.275,200,0.49662,0.48641
KRAS,150,96,0.2,0.8,-0.010208,10,0.335,200,0.49662,0.48641
KRAS,150,96,0.2,0.8,-0.010208,20,0.185,200,0.49662,0.48641
KRAS,150,96,0.2,0.8,-0.010208,40,0.08,200,0.49662,0.48641
KRAS,150,96,0.2,0.8,-0.010208,80,0.0,200,0.49662,0.48641
KRAS,150,96,0.2,0.8,-0.010208,96,0.0,1,0.49662,0.48641
KRAS,150,96,0.2,1.0,-0.011349,5,0.38,200,0.49662,0.48527
KRAS,150,96,0.2,1.0,-0.011349,10,0.32,200,0.49662,0.48527
KRAS,150,96,0.2,1.0,-0.011349,20,0.255,200,0.49662,0.48527
KRAS,150,96,0.2,1.0,-0.011349,40,0.135,200,0.49662,0.48527
KRAS,150,96,0.2,1.0,-0.011349,80,0.0,200,0.49662,0.48527
KRAS,150,96,0.2,1.0,-0.011349,96,0.0,1,0.49662,0.48527
KRAS,150,96,0.4,0.6,-0.003575,5,0.32,200,0.49253,0.48896
KRAS,150,96,0.4,0.6,-0.003575,10,0.27,200,0.49253,0.48896
KRAS,150,96,0.4,0.6,-0.003575,20,0.255,200,0.49253,0.48896
KRAS,150,96,0.4,0.6,-0.003575,40,0.09,200,0.49253,0.48896
KRAS,150,96,0.4,0.6,-0.003575,80,0.0,200,0.49253,0.48896
KRAS,150,96,0.4,0.6,-0.003575,96,0.0,1,0.49253,0.48896
KRAS,150,96,0.4,0.8,-0.006118,5,0.34,200,0.49253,0.48641
KRAS,150,96,0.4,0.8,-0.006118,10,0.345,200,0.49253,0.48641
KRAS,150,96,0.4,0.8,-0.006118,20,0.28,200,0.49253,0.48641
KRAS,150,96,0.4,0.8,-0.006118,40,0.11,200,0.49253,0.48641
KRAS,150,96,0.4,0.8,-0.006118,80,0.005,200,0.49253,0.48641
KRAS,150,96,0.4,0.8,-0.006118,96,0.0,1,0.49253,0.48641
KRAS,150,96,0.4,1.0,-0.007259,5,0.43,200,0.49253,0.48527
KRAS,150,96,0.4,1.0,-0.007259,10,0.34,200,0.49253,0.48527
KRAS,150,96,0.4,1.0,-0.007259,20,0.265,200,0.49253,0.48527
KRAS,150,96,0.4,1.0,-0.007259,40,0.2,200,0.49253,0.48527
KRAS,150,96,0.4,1.0,-0.007259,80,0.0,200,0.49253,0.48527
KRAS,150,96,0.4,1.0,-0.007259,96,0.0,1,0.49253,0.48527
KRAS,150,96,0.6,0.8,-0.002544,5,0.305,200,0.48896,0.48641
KRAS,150,96,0.6,0.8,-0.002544,10,0.365,200,0.48896,0.48641
KRAS,150,96,0.6,0.8,-0.002544,20,0.28,200,0.48896,0.48641
KRAS,150,96,0.6,0.8,-0.002544,40,0.185,200,0.48896,0.48641
KRAS,150,96,0.6,0.8,-0.002544,80,0.0,200,0.48896,0.48641
KRAS,150,96,0.6,0.8,-0.002544,96,0.0,1,0.48896,0.48641
KRAS,150,96,0.6,1.0,-0.003684,5,0.365,200,0.48896,0.48527
KRAS,150,96,0.6,1.0,-0.003684,10,0.32,200,0.48896,0.48527
KRAS,150,96,0.6,1.0,-0.003684,20,0.27,200,0.48896,0.48527
KRAS,150,96,0.6,1.0,-0.003684,40,0.165,200,0.48896,0.48527
KRAS,150,96,0.6,1.0,-0.003684,80,0.02,200,0.48896,0.48527
KRAS,150,96,0.6,1.0,-0.003684,96,0.0,1,0.48896,0.48527
KRAS,150,96,0.8,1.0,-0.00114,5,0.405,200,0.48641,0.48527
KRAS,150,96,0.8,1.0,-0.00114,10,0.455,200,0.48641,0.48527
KRAS,150,96,0.8,1.0,-0.00114,20,0.405,200,0.48641,0.48527
KRAS,150,96,0.8,1.0,-0.00114,40,0.31,200,0.48641,0.48527
KRAS,150,96,0.8,1.0,-0.00114,80,0.085,200,0.48641,0.48527
KRAS,150,96,0.8,1.0,-0.00114,96,0.0,1,0.48641,0.48527
GATA1,25,254,0.0,0.2,0.005348,5,0.68,200,0.5,0.50535
GATA1,25,254,0.0,0.2,0.005348,10,0.715,200,0.5,0.50535
GATA1,25,254,0.0,0.2,0.005348,20,0.815,200,0.5,0.50535
GATA1,25,254,0.0,0.2,0.005348,40,0.935,200,0.5,0.50535
GATA1,25,254,0.0,0.2,0.005348,80,0.99,200,0.5,0.50535
GATA1,25,254,0.0,0.2,0.005348,160,1.0,200,0.5,0.50535
GATA1,25,254,0.0,0.2,0.005348,254,1.0,1,0.5,0.50535
GATA1,25,254,0.0,0.4,0.009956,5,0.615,200,0.5,0.50996
GATA1,25,254,0.0,0.4,0.009956,10,0.745,200,0.5,0.50996
GATA1,25,254,0.0,0.4,0.009956,20,0.835,200,0.5,0.50996
GATA1,25,254,0.0,0.4,0.009956,40,0.91,200,0.5,0.50996
GATA1,25,254,0.0,0.4,0.009956,80,0.99,200,0.5,0.50996
GATA1,25,254,0.0,0.4,0.009956,160,1.0,200,0.5,0.50996
GATA1,25,254,0.0,0.4,0.009956,254,1.0,1,0.5,0.50996
GATA1,25,254,0.0,0.6,0.012797,5,0.695,200,0.5,0.5128
GATA1,25,254,0.0,0.6,0.012797,10,0.725,200,0.5,0.5128
GATA1,25,254,0.0,0.6,0.012797,20,0.825,200,0.5,0.5128
GATA1,25,254,0.0,0.6,0.012797,40,0.915,200,0.5,0.5128
GATA1,25,254,0.0,0.6,0.012797,80,0.95,200,0.5,0.5128
GATA1,25,254,0.0,0.6,0.012797,160,1.0,200,0.5,0.5128
GATA1,25,254,0.0,0.6,0.012797,254,1.0,1,0.5,0.5128
GATA1,25,254,0.0,0.8,0.015107,5,0.65,200,0.5,0.51511
GATA1,25,254,0.0,0.8,0.015107,10,0.785,200,0.5,0.51511
GATA1,25,254,0.0,0.8,0.015107,20,0.73,200,0.5,0.51511
GATA1,25,254,0.0,0.8,0.015107,40,0.905,200,0.5,0.51511
GATA1,25,254,0.0,0.8,0.015107,80,0.975,200,0.5,0.51511
GATA1,25,254,0.0,0.8,0.015107,160,1.0,200,0.5,0.51511
GATA1,25,254,0.0,0.8,0.015107,254,1.0,1,0.5,0.51511
GATA1,25,254,0.0,1.0,0.016582,5,0.57,200,0.5,0.51658
GATA1,25,254,0.0,1.0,0.016582,10,0.665,200,0.5,0.51658
GATA1,25,254,0.0,1.0,0.016582,20,0.78,200,0.5,0.51658
GATA1,25,254,0.0,1.0,0.016582,40,0.86,200,0.5,0.51658
GATA1,25,254,0.0,1.0,0.016582,80,0.965,200,0.5,0.51658
GATA1,25,254,0.0,1.0,0.016582,160,1.0,200,0.5,0.51658
GATA1,25,254,0.0,1.0,0.016582,254,1.0,1,0.5,0.51658
GATA1,25,254,0.2,0.4,0.004608,5,0.585,200,0.50535,0.50996
GATA1,25,254,0.2,0.4,0.004608,10,0.715,200,0.50535,0.50996
GATA1,25,254,0.2,0.4,0.004608,20,0.815,200,0.50535,0.50996
GATA1,25,254,0.2,0.4,0.004608,40,0.91,200,0.50535,0.50996
GATA1,25,254,0.2,0.4,0.004608,80,0.965,200,0.50535,0.50996
GATA1,25,254,0.2,0.4,0.004608,160,1.0,200,0.50535,0.50996
GATA1,25,254,0.2,0.4,0.004608,254,1.0,1,0.50535,0.50996
GATA1,25,254,0.2,0.6,0.007448,5,0.61,200,0.50535,0.5128
GATA1,25,254,0.2,0.6,0.007448,10,0.65,200,0.50535,0.5128
GATA1,25,254,0.2,0.6,0.007448,20,0.75,200,0.50535,0.5128
GATA1,25,254,0.2,0.6,0.007448,40,0.855,200,0.50535,0.5128
GATA1,25,254,0.2,0.6,0.007448,80,0.93,200,0.50535,0.5128
GATA1,25,254,0.2,0.6,0.007448,160,1.0,200,0.50535,0.5128
GATA1,25,254,0.2,0.6,0.007448,254,1.0,1,0.50535,0.5128
GATA1,25,254,0.2,0.8,0.009758,5,0.585,200,0.50535,0.51511
GATA1,25,254,0.2,0.8,0.009758,10,0.69,200,0.50535,0.51511
GATA1,25,254,0.2,0.8,0.009758,20,0.725,200,0.50535,0.51511
GATA1,25,254,0.2,0.8,0.009758,40,0.795,200,0.50535,0.51511
GATA1,25,254,0.2,0.8,0.009758,80,0.955,200,0.50535,0.51511
GATA1,25,254,0.2,0.8,0.009758,160,1.0,200,0.50535,0.51511
GATA1,25,254,0.2,0.8,0.009758,254,1.0,1,0.50535,0.51511
GATA1,25,254,0.2,1.0,0.011234,5,0.635,200,0.50535,0.51658
GATA1,25,254,0.2,1.0,0.011234,10,0.675,200,0.50535,0.51658
GATA1,25,254,0.2,1.0,0.011234,20,0.775,200,0.50535,0.51658
GATA1,25,254,0.2,1.0,0.011234,40,0.805,200,0.50535,0.51658
GATA1,25,254,0.2,1.0,0.011234,80,0.91,200,0.50535,0.51658
GATA1,25,254,0.2,1.0,0.011234,160,1.0,200,0.50535,0.51658
GATA1,25,254,0.2,1.0,0.011234,254,1.0,1,0.50535,0.51658
GATA1,25,254,0.4,0.6,0.002841,5,0.6,200,0.50996,0.5128
GATA1,25,254,0.4,0.6,0.002841,10,0.625,200,0.50996,0.5128
GATA1,25,254,0.4,0.6,0.002841,20,0.67,200,0.50996,0.5128
GATA1,25,254,0.4,0.6,0.002841,40,0.8,200,0.50996,0.5128
GATA1,25,254,0.4,0.6,0.002841,80,0.85,200,0.50996,0.5128
GATA1,25,254,0.4,0.6,0.002841,160,0.99,200,0.50996,0.5128
GATA1,25,254,0.4,0.6,0.002841,254,1.0,1,0.50996,0.5128
GATA1,25,254,0.4,0.8,0.005151,5,0.51,200,0.50996,0.51511
GATA1,25,254,0.4,0.8,0.005151,10,0.6,200,0.50996,0.51511
GATA1,25,254,0.4,0.8,0.005151,20,0.685,200,0.50996,0.51511
GATA1,25,254,0.4,0.8,0.005151,40,0.81,200,0.50996,0.51511
GATA1,25,254,0.4,0.8,0.005151,80,0.925,200,0.50996,0.51511
GATA1,25,254,0.4,0.8,0.005151,160,0.995,200,0.50996,0.51511
GATA1,25,254,0.4,0.8,0.005151,254,1.0,1,0.50996,0.51511
GATA1,25,254,0.4,1.0,0.006626,5,0.64,200,0.50996,0.51658
GATA1,25,254,0.4,1.0,0.006626,10,0.605,200,0.50996,0.51658
GATA1,25,254,0.4,1.0,0.006626,20,0.755,200,0.50996,0.51658
GATA1,25,254,0.4,1.0,0.006626,40,0.675,200,0.50996,0.51658
GATA1,25,254,0.4,1.0,0.006626,80,0.865,200,0.50996,0.51658
GATA1,25,254,0.4,1.0,0.006626,160,0.985,200,0.50996,0.51658
GATA1,25,254,0.4,1.0,0.006626,254,1.0,1,0.50996,0.51658
GATA1,25,254,0.6,0.8,0.00231,5,0.65,200,0.5128,0.51511
GATA1,25,254,0.6,0.8,0.00231,10,0.59,200,0.5128,0.51511
GATA1,25,254,0.6,0.8,0.00231,20,0.635,200,0.5128,0.51511
GATA1,25,254,0.6,0.8,0.00231,40,0.72,200,0.5128,0.51511
GATA1,25,254,0.6,0.8,0.00231,80,0.85,200,0.5128,0.51511
GATA1,25,254,0.6,0.8,0.00231,160,0.97,200,0.5128,0.51511
GATA1,25,254,0.6,0.8,0.00231,254,1.0,1,0.5128,0.51511
GATA1,25,254,0.6,1.0,0.003785,5,0.61,200,0.5128,0.51658
GATA1,25,254,0.6,1.0,0.003785,10,0.68,200,0.5128,0.51658
GATA1,25,254,0.6,1.0,0.003785,20,0.655,200,0.5128,0.51658
GATA1,25,254,0.6,1.0,0.003785,40,0.73,200,0.5128,0.51658
GATA1,25,254,0.6,1.0,0.003785,80,0.84,200,0.5128,0.51658
GATA1,25,254,0.6,1.0,0.003785,160,0.97,200,0.5128,0.51658
GATA1,25,254,0.6,1.0,0.003785,254,1.0,1,0.5128,0.51658
GATA1,25,254,0.8,1.0,0.001475,5,0.61,200,0.51511,0.51658
GATA1,25,254,0.8,1.0,0.001475,10,0.6,200,0.51511,0.51658
GATA1,25,254,0.8,1.0,0.001475,20,0.635,200,0.51511,0.51658
GATA1,25,254,0.8,1.0,0.001475,40,0.705,200,0.51511,0.51658
GATA1,25,254,0.8,1.0,0.001475,80,0.83,200,0.51511,0.51658
GATA1,25,254,0.8,1.0,0.001475,160,0.935,200,0.51511,0.51658
GATA1,25,254,0.8,1.0,0.001475,254,1.0,1,0.51511,0.51658
GATA1,50,247,0.0,0.2,0.006233,5,0.57,200,0.5,0.50623
GATA1,50,247,0.0,0.2,0.006233,10,0.725,200,0.5,0.50623
GATA1,50,247,0.0,0.2,0.006233,20,0.79,200,0.5,0.50623
GATA1,50,247,0.0,0.2,0.006233,40,0.88,200,0.5,0.50623
GATA1,50,247,0.0,0.2,0.006233,80,0.97,200,0.5,0.50623
GATA1,50,247,0.0,0.2,0.006233,160,1.0,200,0.5,0.50623
GATA1,50,247,0.0,0.2,0.006233,247,1.0,1,0.5,0.50623
GATA1,50,247,0.0,0.4,0.011145,5,0.61,200,0.5,0.51115
GATA1,50,247,0.0,0.4,0.011145,10,0.725,200,0.5,0.51115
GATA1,50,247,0.0,0.4,0.011145,20,0.785,200,0.5,0.51115
GATA1,50,247,0.0,0.4,0.011145,40,0.865,200,0.5,0.51115
GATA1,50,247,0.0,0.4,0.011145,80,0.975,200,0.5,0.51115
GATA1,50,247,0.0,0.4,0.011145,160,1.0,200,0.5,0.51115
GATA1,50,247,0.0,0.4,0.011145,247,1.0,1,0.5,0.51115
GATA1,50,247,0.0,0.6,0.014639,5,0.605,200,0.5,0.51464
GATA1,50,247,0.0,0.6,0.014639,10,0.665,200,0.5,0.51464
GATA1,50,247,0.0,0.6,0.014639,20,0.805,200,0.5,0.51464
GATA1,50,247,0.0,0.6,0.014639,40,0.92,200,0.5,0.51464
GATA1,50,247,0.0,0.6,0.014639,80,0.98,200,0.5,0.51464
GATA1,50,247,0.0,0.6,0.014639,160,1.0,200,0.5,0.51464
GATA1,50,247,0.0,0.6,0.014639,247,1.0,1,0.5,0.51464
GATA1,50,247,0.0,0.8,0.01834,5,0.59,200,0.5,0.51834
GATA1,50,247,0.0,0.8,0.01834,10,0.725,200,0.5,0.51834
GATA1,50,247,0.0,0.8,0.01834,20,0.76,200,0.5,0.51834
GATA1,50,247,0.0,0.8,0.01834,40,0.92,200,0.5,0.51834
GATA1,50,247,0.0,0.8,0.01834,80,0.99,200,0.5,0.51834
GATA1,50,247,0.0,0.8,0.01834,160,1.0,200,0.5,0.51834
GATA1,50,247,0.0,0.8,0.01834,247,1.0,1,0.5,0.51834
GATA1,50,247,0.0,1.0,0.021806,5,0.65,200,0.5,0.52181
GATA1,50,247,0.0,1.0,0.021806,10,0.72,200,0.5,0.52181
GATA1,50,247,0.0,1.0,0.021806,20,0.83,200,0.5,0.52181
GATA1,50,247,0.0,1.0,0.021806,40,0.945,200,0.5,0.52181
GATA1,50,247,0.0,1.0,0.021806,80,0.985,200,0.5,0.52181
GATA1,50,247,0.0,1.0,0.021806,160,1.0,200,0.5,0.52181
GATA1,50,247,0.0,1.0,0.021806,247,1.0,1,0.5,0.52181
GATA1,50,247,0.2,0.4,0.004913,5,0.605,200,0.50623,0.51115
GATA1,50,247,0.2,0.4,0.004913,10,0.68,200,0.50623,0.51115
GATA1,50,247,0.2,0.4,0.004913,20,0.73,200,0.50623,0.51115
GATA1,50,247,0.2,0.4,0.004913,40,0.87,200,0.50623,0.51115
GATA1,50,247,0.2,0.4,0.004913,80,0.96,200,0.50623,0.51115
GATA1,50,247,0.2,0.4,0.004913,160,1.0,200,0.50623,0.51115
GATA1,50,247,0.2,0.4,0.004913,247,1.0,1,0.50623,0.51115
GATA1,50,247,0.2,0.6,0.008407,5,0.63,200,0.50623,0.51464
GATA1,50,247,0.2,0.6,0.008407,10,0.715,200,0.50623,0.51464
GATA1,50,247,0.2,0.6,0.008407,20,0.765,200,0.50623,0.51464
GATA1,50,247,0.2,0.6,0.008407,40,0.865,200,0.50623,0.51464
GATA1,50,247,0.2,0.6,0.008407,80,0.965,200,0.50623,0.51464
GATA1,50,247,0.2,0.6,0.008407,160,1.0,200,0.50623,0.51464
GATA1,50,247,0.2,0.6,0.008407,247,1.0,1,0.50623,0.51464
GATA1,50,247,0.2,0.8,0.012107,5,0.705,200,0.50623,0.51834
GATA1,50,247,0.2,0.8,0.012107,10,0.725,200,0.50623,0.51834
GATA1,50,247,0.2,0.8,0.012107,20,0.795,200,0.50623,0.51834
GATA1,50,247,0.2,0.8,0.012107,40,0.885,200,0.50623,0.51834
GATA1,50,247,0.2,0.8,0.012107,80,0.965,200,0.50623,0.51834
GATA1,50,247,0.2,0.8,0.012107,160,1.0,200,0.50623,0.51834
GATA1,50,247,0.2,0.8,0.012107,247,1.0,1,0.50623,0.51834
GATA1,50,247,0.2,1.0,0.015573,5,0.66,200,0.50623,0.52181
GATA1,50,247,0.2,1.0,0.015573,10,0.68,200,0.50623,0.52181
GATA1,50,247,0.2,1.0,0.015573,20,0.815,200,0.50623,0.52181
GATA1,50,247,0.2,1.0,0.015573,40,0.9,200,0.50623,0.52181
GATA1,50,247,0.2,1.0,0.015573,80,0.97,200,0.50623,0.52181
GATA1,50,247,0.2,1.0,0.015573,160,1.0,200,0.50623,0.52181
GATA1,50,247,0.2,1.0,0.015573,247,1.0,1,0.50623,0.52181
GATA1,50,247,0.4,0.6,0.003494,5,0.63,200,0.51115,0.51464
GATA1,50,247,0.4,0.6,0.003494,10,0.685,200,0.51115,0.51464
GATA1,50,247,0.4,0.6,0.003494,20,0.78,200,0.51115,0.51464
GATA1,50,247,0.4,0.6,0.003494,40,0.825,200,0.51115,0.51464
GATA1,50,247,0.4,0.6,0.003494,80,0.955,200,0.51115,0.51464
GATA1,50,247,0.4,0.6,0.003494,160,1.0,200,0.51115,0.51464
GATA1,50,247,0.4,0.6,0.003494,247,1.0,1,0.51115,0.51464
GATA1,50,247,0.4,0.8,0.007194,5,0.625,200,0.51115,0.51834
GATA1,50,247,0.4,0.8,0.007194,10,0.725,200,0.51115,0.51834
GATA1,50,247,0.4,0.8,0.007194,20,0.78,200,0.51115,0.51834
GATA1,50,247,0.4,0.8,0.007194,40,0.89,200,0.51115,0.51834
GATA1,50,247,0.4,0.8,0.007194,80,0.955,200,0.51115,0.51834
GATA1,50,247,0.4,0.8,0.007194,160,1.0,200,0.51115,0.51834
GATA1,50,247,0.4,0.8,0.007194,247,1.0,1,0.51115,0.51834
GATA1,50,247,0.4,1.0,0.01066,5,0.665,200,0.51115,0.52181
GATA1,50,247,0.4,1.0,0.01066,10,0.665,200,0.51115,0.52181
GATA1,50,247,0.4,1.0,0.01066,20,0.775,200,0.51115,0.52181
GATA1,50,247,0.4,1.0,0.01066,40,0.88,200,0.51115,0.52181
GATA1,50,247,0.4,1.0,0.01066,80,0.995,200,0.51115,0.52181
GATA1,50,247,0.4,1.0,0.01066,160,1.0,200,0.51115,0.52181
GATA1,50,247,0.4,1.0,0.01066,247,1.0,1,0.51115,0.52181
GATA1,50,247,0.6,0.8,0.003701,5,0.635,200,0.51464,0.51834
GATA1,50,247,0.6,0.8,0.003701,10,0.72,200,0.51464,0.51834
GATA1,50,247,0.6,0.8,0.003701,20,0.815,200,0.51464,0.51834
GATA1,50,247,0.6,0.8,0.003701,40,0.87,200,0.51464,0.51834
GATA1,50,247,0.6,0.8,0.003701,80,0.985,200,0.51464,0.51834
GATA1,50,247,0.6,0.8,0.003701,160,1.0,200,0.51464,0.51834
GATA1,50,247,0.6,0.8,0.003701,247,1.0,1,0.51464,0.51834
GATA1,50,247,0.6,1.0,0.007166,5,0.635,200,0.51464,0.52181
GATA1,50,247,0.6,1.0,0.007166,10,0.75,200,0.51464,0.52181
GATA1,50,247,0.6,1.0,0.007166,20,0.81,200,0.51464,0.52181
GATA1,50,247,0.6,1.0,0.007166,40,0.875,200,0.51464,0.52181
GATA1,50,247,0.6,1.0,0.007166,80,0.975,200,0.51464,0.52181
GATA1,50,247,0.6,1.0,0.007166,160,1.0,200,0.51464,0.52181
GATA1,50,247,0.6,1.0,0.007166,247,1.0,1,0.51464,0.52181
GATA1,50,247,0.8,1.0,0.003466,5,0.625,200,0.51834,0.52181
GATA1,50,247,0.8,1.0,0.003466,10,0.74,200,0.51834,0.52181
GATA1,50,247,0.8,1.0,0.003466,20,0.79,200,0.51834,0.52181
GATA1,50,247,0.8,1.0,0.003466,40,0.89,200,0.51834,0.52181
GATA1,50,247,0.8,1.0,0.003466,80,0.98,200,0.51834,0.52181
GATA1,50,247,0.8,1.0,0.003466,160,1.0,200,0.51834,0.52181
GATA1,50,247,0.8,1.0,0.003466,247,1.0,1,0.51834,0.52181
GATA1,100,209,0.0,0.2,0.007895,5,0.785,200,0.5,0.50789
GATA1,100,209,0.0,0.2,0.007895,10,0.865,200,0.5,0.50789
GATA1,100,209,0.0,0.2,0.007895,20,0.955,200,0.5,0.50789
GATA1,100,209,0.0,0.2,0.007895,40,0.995,200,0.5,0.50789
GATA1,100,209,0.0,0.2,0.007895,80,1.0,200,0.5,0.50789
GATA1,100,209,0.0,0.2,0.007895,160,1.0,200,0.5,0.50789
GATA1,100,209,0.0,0.2,0.007895,209,1.0,1,0.5,0.50789
GATA1,100,209,0.0,0.4,0.018803,5,0.75,200,0.5,0.5188
GATA1,100,209,0.0,0.4,0.018803,10,0.86,200,0.5,0.5188
GATA1,100,209,0.0,0.4,0.018803,20,0.935,200,0.5,0.5188
GATA1,100,209,0.0,0.4,0.018803,40,0.975,200,0.5,0.5188
GATA1,100,209,0.0,0.4,0.018803,80,1.0,200,0.5,0.5188
GATA1,100,209,0.0,0.4,0.018803,160,1.0,200,0.5,0.5188
GATA1,100,209,0.0,0.4,0.018803,209,1.0,1,0.5,0.5188
GATA1,100,209,0.0,0.6,0.02771,5,0.7,200,0.5,0.52771
GATA1,100,209,0.0,0.6,0.02771,10,0.86,200,0.5,0.52771
GATA1,100,209,0.0,0.6,0.02771,20,0.92,200,0.5,0.52771
GATA1,100,209,0.0,0.6,0.02771,40,0.985,200,0.5,0.52771
GATA1,100,209,0.0,0.6,0.02771,80,1.0,200,0.5,0.52771
GATA1,100,209,0.0,0.6,0.02771,160,1.0,200,0.5,0.52771
GATA1,100,209,0.0,0.6,0.02771,209,1.0,1,0.5,0.52771
GATA1,100,209,0.0,0.8,0.034413,5,0.705,200,0.5,0.53441
GATA1,100,209,0.0,0.8,0.034413,10,0.805,200,0.5,0.53441
GATA1,100,209,0.0,0.8,0.034413,20,0.925,200,0.5,0.53441
GATA1,100,209,0.0,0.8,0.034413,40,0.985,200,0.5,0.53441
GATA1,100,209,0.0,0.8,0.034413,80,1.0,200,0.5,0.53441
GATA1,100,209,0.0,0.8,0.034413,160,1.0,200,0.5,0.53441
GATA1,100,209,0.0,0.8,0.034413,209,1.0,1,0.5,0.53441
GATA1,100,209,0.0,1.0,0.038455,5,0.755,200,0.5,0.53845
GATA1,100,209,0.0,1.0,0.038455,10,0.755,200,0.5,0.53845
GATA1,100,209,0.0,1.0,0.038455,20,0.93,200,0.5,0.53845
GATA1,100,209,0.0,1.0,0.038455,40,0.985,200,0.5,0.53845
GATA1,100,209,0.0,1.0,0.038455,80,0.995,200,0.5,0.53845
GATA1,100,209,0.0,1.0,0.038455,160,1.0,200,0.5,0.53845
GATA1,100,209,0.0,1.0,0.038455,209,1.0,1,0.5,0.53845
GATA1,100,209,0.2,0.4,0.010908,5,0.68,200,0.50789,0.5188
GATA1,100,209,0.2,0.4,0.010908,10,0.78,200,0.50789,0.5188
GATA1,100,209,0.2,0.4,0.010908,20,0.925,200,0.50789,0.5188
GATA1,100,209,0.2,0.4,0.010908,40,0.985,200,0.50789,0.5188
GATA1,100,209,0.2,0.4,0.010908,80,1.0,200,0.50789,0.5188
GATA1,100,209,0.2,0.4,0.010908,160,1.0,200,0.50789,0.5188
GATA1,100,209,0.2,0.4,0.010908,209,1.0,1,0.50789,0.5188
GATA1,100,209,0.2,0.6,0.019815,5,0.705,200,0.50789,0.52771
GATA1,100,209,0.2,0.6,0.019815,10,0.78,200,0.50789,0.52771
GATA1,100,209,0.2,0.6,0.019815,20,0.895,200,0.50789,0.52771
GATA1,100,209,0.2,0.6,0.019815,40,0.975,200,0.50789,0.52771
GATA1,100,209,0.2,0.6,0.019815,80,0.995,200,0.50789,0.52771
GATA1,100,209,0.2,0.6,0.019815,160,1.0,200,0.50789,0.52771
GATA1,100,209,0.2,0.6,0.019815,209,1.0,1,0.50789,0.52771
GATA1,100,209,0.2,0.8,0.026518,5,0.67,200,0.50789,0.53441
GATA1,100,209,0.2,0.8,0.026518,10,0.785,200,0.50789,0.53441
GATA1,100,209,0.2,0.8,0.026518,20,0.885,200,0.50789,0.53441
GATA1,100,209,0.2,0.8,0.026518,40,0.98,200,0.50789,0.53441
GATA1,100,209,0.2,0.8,0.026518,80,1.0,200,0.50789,0.53441
GATA1,100,209,0.2,0.8,0.026518,160,1.0,200,0.50789,0.53441
GATA1,100,209,0.2,0.8,0.026518,209,1.0,1,0.50789,0.53441
GATA1,100,209,0.2,1.0,0.03056,5,0.71,200,0.50789,0.53845
GATA1,100,209,0.2,1.0,0.03056,10,0.77,200,0.50789,0.53845
GATA1,100,209,0.2,1.0,0.03056,20,0.9,200,0.50789,0.53845
GATA1,100,209,0.2,1.0,0.03056,40,0.98,200,0.50789,0.53845
GATA1,100,209,0.2,1.0,0.03056,80,1.0,200,0.50789,0.53845
GATA1,100,209,0.2,1.0,0.03056,160,1.0,200,0.50789,0.53845
GATA1,100,209,0.2,1.0,0.03056,209,1.0,1,0.50789,0.53845
GATA1,100,209,0.4,0.6,0.008907,5,0.7,200,0.5188,0.52771
GATA1,100,209,0.4,0.6,0.008907,10,0.75,200,0.5188,0.52771
GATA1,100,209,0.4,0.6,0.008907,20,0.85,200,0.5188,0.52771
GATA1,100,209,0.4,0.6,0.008907,40,0.95,200,0.5188,0.52771
GATA1,100,209,0.4,0.6,0.008907,80,0.995,200,0.5188,0.52771
GATA1,100,209,0.4,0.6,0.008907,160,1.0,200,0.5188,0.52771
GATA1,100,209,0.4,0.6,0.008907,209,1.0,1,0.5188,0.52771
GATA1,100,209,0.4,0.8,0.01561,5,0.685,200,0.5188,0.53441
GATA1,100,209,0.4,0.8,0.01561,10,0.795,200,0.5188,0.53441
GATA1,100,209,0.4,0.8,0.01561,20,0.89,200,0.5188,0.53441
GATA1,100,209,0.4,0.8,0.01561,40,0.96,200,0.5188,0.53441
GATA1,100,209,0.4,0.8,0.01561,80,1.0,200,0.5188,0.53441
GATA1,100,209,0.4,0.8,0.01561,160,1.0,200,0.5188,0.53441
GATA1,100,209,0.4,0.8,0.01561,209,1.0,1,0.5188,0.53441
GATA1,100,209,0.4,1.0,0.019652,5,0.665,200,0.5188,0.53845
GATA1,100,209,0.4,1.0,0.019652,10,0.75,200,0.5188,0.53845
GATA1,100,209,0.4,1.0,0.019652,20,0.895,200,0.5188,0.53845
GATA1,100,209,0.4,1.0,0.019652,40,0.97,200,0.5188,0.53845
GATA1,100,209,0.4,1.0,0.019652,80,1.0,200,0.5188,0.53845
GATA1,100,209,0.4,1.0,0.019652,160,1.0,200,0.5188,0.53845
GATA1,100,209,0.4,1.0,0.019652,209,1.0,1,0.5188,0.53845
GATA1,100,209,0.6,0.8,0.006703,5,0.675,200,0.52771,0.53441
GATA1,100,209,0.6,0.8,0.006703,10,0.7,200,0.52771,0.53441
GATA1,100,209,0.6,0.8,0.006703,20,0.87,200,0.52771,0.53441
GATA1,100,209,0.6,0.8,0.006703,40,0.94,200,0.52771,0.53441
GATA1,100,209,0.6,0.8,0.006703,80,1.0,200,0.52771,0.53441
GATA1,100,209,0.6,0.8,0.006703,160,1.0,200,0.52771,0.53441
GATA1,100,209,0.6,0.8,0.006703,209,1.0,1,0.52771,0.53441
GATA1,100,209,0.6,1.0,0.010745,5,0.67,200,0.52771,0.53845
GATA1,100,209,0.6,1.0,0.010745,10,0.7,200,0.52771,0.53845
GATA1,100,209,0.6,1.0,0.010745,20,0.795,200,0.52771,0.53845
GATA1,100,209,0.6,1.0,0.010745,40,0.93,200,0.52771,0.53845
GATA1,100,209,0.6,1.0,0.010745,80,1.0,200,0.52771,0.53845
GATA1,100,209,0.6,1.0,0.010745,160,1.0,200,0.52771,0.53845
GATA1,100,209,0.6,1.0,0.010745,209,1.0,1,0.52771,0.53845
GATA1,100,209,0.8,1.0,0.004042,5,0.64,200,0.53441,0.53845
GATA1,100,209,0.8,1.0,0.004042,10,0.695,200,0.53441,0.53845
GATA1,100,209,0.8,1.0,0.004042,20,0.835,200,0.53441,0.53845
GATA1,100,209,0.8,1.0,0.004042,40,0.925,200,0.53441,0.53845
GATA1,100,209,0.8,1.0,0.004042,80,0.985,200,0.53441,0.53845
GATA1,100,209,0.8,1.0,0.004042,160,1.0,200,0.53441,0.53845
GATA1,100,209,0.8,1.0,0.004042,209,1.0,1,0.53441,0.53845
GATA1,150,157,0.0,0.2,0.014511,5,0.735,200,0.5,0.51451
GATA1,150,157,0.0,0.2,0.014511,10,0.895,200,0.5,0.51451
GATA1,150,157,0.0,0.2,0.014511,20,0.975,200,0.5,0.51451
GATA1,150,157,0.0,0.2,0.014511,40,1.0,200,0.5,0.51451
GATA1,150,157,0.0,0.2,0.014511,80,1.0,200,0.5,0.51451
GATA1,150,157,0.0,0.2,0.014511,157,1.0,1,0.5,0.51451
GATA1,150,157,0.0,0.4,0.026131,5,0.845,200,0.5,0.52613
GATA1,150,157,0.0,0.4,0.026131,10,0.91,200,0.5,0.52613
GATA1,150,157,0.0,0.4,0.026131,20,0.985,200,0.5,0.52613
GATA1,150,157,0.0,0.4,0.026131,40,1.0,200,0.5,0.52613
GATA1,150,157,0.0,0.4,0.026131,80,1.0,200,0.5,0.52613
GATA1,150,157,0.0,0.4,0.026131,157,1.0,1,0.5,0.52613
GATA1,150,157,0.0,0.6,0.035412,5,0.845,200,0.5,0.53541
GATA1,150,157,0.0,0.6,0.035412,10,0.905,200,0.5,0.53541
GATA1,150,157,0.0,0.6,0.035412,20,0.97,200,0.5,0.53541
GATA1,150,157,0.0,0.6,0.035412,40,1.0,200,0.5,0.53541
GATA1,150,157,0.0,0.6,0.035412,80,1.0,200,0.5,0.53541
GATA1,150,157,0.0,0.6,0.035412,157,1.0,1,0.5,0.53541
GATA1,150,157,0.0,0.8,0.043108,5,0.805,200,0.5,0.54311
GATA1,150,157,0.0,0.8,0.043108,10,0.91,200,0.5,0.54311
GATA1,150,157,0.0,0.8,0.043108,20,0.975,200,0.5,0.54311
GATA1,150,157,0.0,0.8,0.043108,40,1.0,200,0.5,0.54311
GATA1,150,157,0.0,0.8,0.043108,80,1.0,200,0.5,0.54311
GATA1,150,157,0.0,0.8,0.043108,157,1.0,1,0.5,0.54311
GATA1,150,157,0.0,1.0,0.048889,5,0.85,200,0.5,0.54889
GATA1,150,157,0.0,1.0,0.048889,10,0.865,200,0.5,0.54889
GATA1,150,157,0.0,1.0,0.048889,20,0.98,200,0.5,0.54889
GATA1,150,157,0.0,1.0,0.048889,40,1.0,200,0.5,0.54889
GATA1,150,157,0.0,1.0,0.048889,80,1.0,200,0.5,0.54889
GATA1,150,157,0.0,1.0,0.048889,157,1.0,1,0.5,0.54889
GATA1,150,157,0.2,0.4,0.01162,5,0.815,200,0.51451,0.52613
GATA1,150,157,0.2,0.4,0.01162,10,0.915,200,0.51451,0.52613
GATA1,150,157,0.2,0.4,0.01162,20,0.97,200,0.51451,0.52613
GATA1,150,157,0.2,0.4,0.01162,40,1.0,200,0.51451,0.52613
GATA1,150,157,0.2,0.4,0.01162,80,1.0,200,0.51451,0.52613
GATA1,150,157,0.2,0.4,0.01162,157,1.0,1,0.51451,0.52613
GATA1,150,157,0.2,0.6,0.020901,5,0.805,200,0.51451,0.53541
GATA1,150,157,0.2,0.6,0.020901,10,0.835,200,0.51451,0.53541
GATA1,150,157,0.2,0.6,0.020901,20,0.96,200,0.51451,0.53541
GATA1,150,157,0.2,0.6,0.020901,40,1.0,200,0.51451,0.53541
GATA1,150,157,0.2,0.6,0.020901,80,1.0,200,0.51451,0.53541
GATA1,150,157,0.2,0.6,0.020901,157,1.0,1,0.51451,0.53541
GATA1,150,157,0.2,0.8,0.028597,5,0.79,200,0.51451,0.54311
GATA1,150,157,0.2,0.8,0.028597,10,0.855,200,0.51451,0.54311
GATA1,150,157,0.2,0.8,0.028597,20,0.96,200,0.51451,0.54311
GATA1,150,157,0.2,0.8,0.028597,40,1.0,200,0.51451,0.54311
GATA1,150,157,0.2,0.8,0.028597,80,1.0,200,0.51451,0.54311
GATA1,150,157,0.2,0.8,0.028597,157,1.0,1,0.51451,0.54311
GATA1,150,157,0.2,1.0,0.034379,5,0.755,200,0.51451,0.54889
GATA1,150,157,0.2,1.0,0.034379,10,0.865,200,0.51451,0.54889
GATA1,150,157,0.2,1.0,0.034379,20,0.95,200,0.51451,0.54889
GATA1,150,157,0.2,1.0,0.034379,40,1.0,200,0.51451,0.54889
GATA1,150,157,0.2,1.0,0.034379,80,1.0,200,0.51451,0.54889
GATA1,150,157,0.2,1.0,0.034379,157,1.0,1,0.51451,0.54889
GATA1,150,157,0.4,0.6,0.009281,5,0.735,200,0.52613,0.53541
GATA1,150,157,0.4,0.6,0.009281,10,0.87,200,0.52613,0.53541
GATA1,150,157,0.4,0.6,0.009281,20,0.955,200,0.52613,0.53541
GATA1,150,157,0.4,0.6,0.009281,40,0.985,200,0.52613,0.53541
GATA1,150,157,0.4,0.6,0.009281,80,1.0,200,0.52613,0.53541
GATA1,150,157,0.4,0.6,0.009281,157,1.0,1,0.52613,0.53541
GATA1,150,157,0.4,0.8,0.016977,5,0.74,200,0.52613,0.54311
GATA1,150,157,0.4,0.8,0.016977,10,0.87,200,0.52613,0.54311
GATA1,150,157,0.4,0.8,0.016977,20,0.94,200,0.52613,0.54311
GATA1,150,157,0.4,0.8,0.016977,40,0.99,200,0.52613,0.54311
GATA1,150,157,0.4,0.8,0.016977,80,1.0,200,0.52613,0.54311
GATA1,150,157,0.4,0.8,0.016977,157,1.0,1,0.52613,0.54311
GATA1,150,157,0.4,1.0,0.022758,5,0.765,200,0.52613,0.54889
GATA1,150,157,0.4,1.0,0.022758,10,0.87,200,0.52613,0.54889
GATA1,150,157,0.4,1.0,0.022758,20,0.935,200,0.52613,0.54889
GATA1,150,157,0.4,1.0,0.022758,40,0.99,200,0.52613,0.54889
GATA1,150,157,0.4,1.0,0.022758,80,1.0,200,0.52613,0.54889
GATA1,150,157,0.4,1.0,0.022758,157,1.0,1,0.52613,0.54889
GATA1,150,157,0.6,0.8,0.007696,5,0.755,200,0.53541,0.54311
GATA1,150,157,0.6,0.8,0.007696,10,0.835,200,0.53541,0.54311
GATA1,150,157,0.6,0.8,0.007696,20,0.93,200,0.53541,0.54311
GATA1,150,157,0.6,0.8,0.007696,40,0.985,200,0.53541,0.54311
GATA1,150,157,0.6,0.8,0.007696,80,1.0,200,0.53541,0.54311
GATA1,150,157,0.6,0.8,0.007696,157,1.0,1,0.53541,0.54311
GATA1,150,157,0.6,1.0,0.013478,5,0.725,200,0.53541,0.54889
GATA1,150,157,0.6,1.0,0.013478,10,0.865,200,0.53541,0.54889
GATA1,150,157,0.6,1.0,0.013478,20,0.95,200,0.53541,0.54889
GATA1,150,157,0.6,1.0,0.013478,40,0.985,200,0.53541,0.54889
GATA1,150,157,0.6,1.0,0.013478,80,1.0,200,0.53541,0.54889
GATA1,150,157,0.6,1.0,0.013478,157,1.0,1,0.53541,0.54889
GATA1,150,157,0.8,1.0,0.005781,5,0.725,200,0.54311,0.54889
GATA1,150,157,0.8,1.0,0.005781,10,0.795,200,0.54311,0.54889
GATA1,150,157,0.8,1.0,0.005781,20,0.935,200,0.54311,0.54889
GATA1,150,157,0.8,1.0,0.005781,40,0.975,200,0.54311,0.54889
GATA1,150,157,0.8,1.0,0.005781,80,1.0,200,0.54311,0.54889
GATA1,150,157,0.8,1.0,0.005781,157,1.0,1,0.54311,0.54889
GATA1,250,73,0.0,0.2,0.011872,5,0.705,200,0.5,0.51187
GATA1,250,73,0.0,0.2,0.011872,10,0.86,200,0.5,0.51187
GATA1,250,73,0.0,0.2,0.011872,20,0.95,200,0.5,0.51187
GATA1,250,73,0.0,0.2,0.011872,40,0.99,200,0.5,0.51187
GATA1,250,73,0.0,0.2,0.011872,73,1.0,1,0.5,0.51187
GATA1,250,73,0.0,0.4,0.01914,5,0.71,200,0.5,0.51914
GATA1,250,73,0.0,0.4,0.01914,10,0.795,200,0.5,0.51914
GATA1,250,73,0.0,0.4,0.01914,20,0.895,200,0.5,0.51914
GATA1,250,73,0.0,0.4,0.01914,40,0.99,200,0.5,0.51914
GATA1,250,73,0.0,0.4,0.01914,73,1.0,1,0.5,0.51914
GATA1,250,73,0.0,0.6,0.025342,5,0.655,200,0.5,0.52534
GATA1,250,73,0.0,0.6,0.025342,10,0.78,200,0.5,0.52534
GATA1,250,73,0.0,0.6,0.025342,20,0.935,200,0.5,0.52534
GATA1,250,73,0.0,0.6,0.025342,40,0.975,200,0.5,0.52534
GATA1,250,73,0.0,0.6,0.025342,73,1.0,1,0.5,0.52534
GATA1,250,73,0.0,0.8,0.028139,5,0.755,200,0.5,0.52814
GATA1,250,73,0.0,0.8,0.028139,10,0.815,200,0.5,0.52814
GATA1,250,73,0.0,0.8,0.028139,20,0.855,200,0.5,0.52814
GATA1,250,73,0.0,0.8,0.028139,40,0.995,200,0.5,0.52814
GATA1,250,73,0.0,0.8,0.028139,73,1.0,1,0.5,0.52814
GATA1,250,73,0.0,1.0,0.031431,5,0.635,200,0.5,0.53143
GATA1,250,73,0.0,1.0,0.031431,10,0.775,200,0.5,0.53143
GATA1,250,73,0.0,1.0,0.031431,20,0.865,200,0.5,0.53143
GATA1,250,73,0.0,1.0,0.031431,40,0.97,200,0.5,0.53143
GATA1,250,73,0.0,1.0,0.031431,73,1.0,1,0.5,0.53143
GATA1,250,73,0.2,0.4,0.007268,5,0.62,200,0.51187,0.51914
GATA1,250,73,0.2,0.4,0.007268,10,0.76,200,0.51187,0.51914
GATA1,250,73,0.2,0.4,0.007268,20,0.81,200,0.51187,0.51914
GATA1,250,73,0.2,0.4,0.007268,40,0.935,200,0.51187,0.51914
GATA1,250,73,0.2,0.4,0.007268,73,1.0,1,0.51187,0.51914
GATA1,250,73,0.2,0.6,0.01347,5,0.645,200,0.51187,0.52534
GATA1,250,73,0.2,0.6,0.01347,10,0.715,200,0.51187,0.52534
GATA1,250,73,0.2,0.6,0.01347,20,0.845,200,0.51187,0.52534
GATA1,250,73,0.2,0.6,0.01347,40,0.955,200,0.51187,0.52534
GATA1,250,73,0.2,0.6,0.01347,73,1.0,1,0.51187,0.52534
GATA1,250,73,0.2,0.8,0.016267,5,0.635,200,0.51187,0.52814
GATA1,250,73,0.2,0.8,0.016267,10,0.68,200,0.51187,0.52814
GATA1,250,73,0.2,0.8,0.016267,20,0.835,200,0.51187,0.52814
GATA1,250,73,0.2,0.8,0.016267,40,0.92,200,0.51187,0.52814
GATA1,250,73,0.2,0.8,0.016267,73,1.0,1,0.51187,0.52814
GATA1,250,73,0.2,1.0,0.019559,5,0.68,200,0.51187,0.53143
GATA1,250,73,0.2,1.0,0.019559,10,0.735,200,0.51187,0.53143
GATA1,250,73,0.2,1.0,0.019559,20,0.85,200,0.51187,0.53143
GATA1,250,73,0.2,1.0,0.019559,40,0.955,200,0.51187,0.53143
GATA1,250,73,0.2,1.0,0.019559,73,1.0,1,0.51187,0.53143
GATA1,250,73,0.4,0.6,0.006202,5,0.62,200,0.51914,0.52534
GATA1,250,73,0.4,0.6,0.006202,10,0.75,200,0.51914,0.52534
GATA1,250,73,0.4,0.6,0.006202,20,0.85,200,0.51914,0.52534
GATA1,250,73,0.4,0.6,0.006202,40,0.975,200,0.51914,0.52534
GATA1,250,73,0.4,0.6,0.006202,73,1.0,1,0.51914,0.52534
GATA1,250,73,0.4,0.8,0.008999,5,0.69,200,0.51914,0.52814
GATA1,250,73,0.4,0.8,0.008999,10,0.655,200,0.51914,0.52814
GATA1,250,73,0.4,0.8,0.008999,20,0.77,200,0.51914,0.52814
GATA1,250,73,0.4,0.8,0.008999,40,0.94,200,0.51914,0.52814
GATA1,250,73,0.4,0.8,0.008999,73,1.0,1,0.51914,0.52814
GATA1,250,73,0.4,1.0,0.012291,5,0.63,200,0.51914,0.53143
GATA1,250,73,0.4,1.0,0.012291,10,0.75,200,0.51914,0.53143
GATA1,250,73,0.4,1.0,0.012291,20,0.855,200,0.51914,0.53143
GATA1,250,73,0.4,1.0,0.012291,40,0.94,200,0.51914,0.53143
GATA1,250,73,0.4,1.0,0.012291,73,1.0,1,0.51914,0.53143
GATA1,250,73,0.6,0.8,0.002797,5,0.67,200,0.52534,0.52814
GATA1,250,73,0.6,0.8,0.002797,10,0.64,200,0.52534,0.52814
GATA1,250,73,0.6,0.8,0.002797,20,0.715,200,0.52534,0.52814
GATA1,250,73,0.6,0.8,0.002797,40,0.82,200,0.52534,0.52814
GATA1,250,73,0.6,0.8,0.002797,73,1.0,1,0.52534,0.52814
GATA1,250,73,0.6,1.0,0.006088,5,0.59,200,0.52534,0.53143
GATA1,250,73,0.6,1.0,0.006088,10,0.71,200,0.52534,0.53143
GATA1,250,73,0.6,1.0,0.006088,20,0.795,200,0.52534,0.53143
GATA1,250,73,0.6,1.0,0.006088,40,0.905,200,0.52534,0.53143
GATA1,250,73,0.6,1.0,0.006088,73,1.0,1,0.52534,0.53143
GATA1,250,73,0.8,1.0,0.003291,5,0.62,200,0.52814,0.53143
GATA1,250,73,0.8,1.0,0.003291,10,0.7,200,0.52814,0.53143
GATA1,250,73,0.8,1.0,0.003291,20,0.85,200,0.52814,0.53143
GATA1,250,73,0.8,1.0,0.003291,40,0.925,200,0.52814,0.53143
GATA1,250,73,0.8,1.0,0.003291,73,1.0,1,0.52814,0.53143
JAK1,25,20,0.0,0.2,0.039474,5,1.0,200,0.5,0.53947
JAK1,25,20,0.0,0.2,0.039474,10,1.0,200,0.5,0.53947
JAK1,25,20,0.0,0.2,0.039474,20,1.0,1,0.5,0.53947
JAK1,25,20,0.0,0.2,0.039474,20,1.0,1,0.5,0.53947
JAK1,25,20,0.0,0.4,0.069737,5,1.0,200,0.5,0.56974
JAK1,25,20,0.0,0.4,0.069737,10,1.0,200,0.5,0.56974
JAK1,25,20,0.0,0.4,0.069737,20,1.0,1,0.5,0.56974
JAK1,25,20,0.0,0.4,0.069737,20,1.0,1,0.5,0.56974
JAK1,25,20,0.0,0.6,0.105789,5,1.0,200,0.5,0.60579
JAK1,25,20,0.0,0.6,0.105789,10,1.0,200,0.5,0.60579
JAK1,25,20,0.0,0.6,0.105789,20,1.0,1,0.5,0.60579
JAK1,25,20,0.0,0.6,0.105789,20,1.0,1,0.5,0.60579
JAK1,25,20,0.0,0.8,0.188421,5,1.0,200,0.5,0.68842
JAK1,25,20,0.0,0.8,0.188421,10,1.0,200,0.5,0.68842
JAK1,25,20,0.0,0.8,0.188421,20,1.0,1,0.5,0.68842
JAK1,25,20,0.0,0.8,0.188421,20,1.0,1,0.5,0.68842
JAK1,25,20,0.0,1.0,0.291579,5,1.0,200,0.5,0.79158
JAK1,25,20,0.0,1.0,0.291579,10,1.0,200,0.5,0.79158
JAK1,25,20,0.0,1.0,0.291579,20,1.0,1,0.5,0.79158
JAK1,25,20,0.0,1.0,0.291579,20,1.0,1,0.5,0.79158
JAK1,25,20,0.2,0.4,0.030263,5,1.0,200,0.53947,0.56974
JAK1,25,20,0.2,0.4,0.030263,10,1.0,200,0.53947,0.56974
JAK1,25,20,0.2,0.4,0.030263,20,1.0,1,0.53947,0.56974
JAK1,25,20,0.2,0.4,0.030263,20,1.0,1,0.53947,0.56974
JAK1,25,20,0.2,0.6,0.066316,5,1.0,200,0.53947,0.60579
JAK1,25,20,0.2,0.6,0.066316,10,1.0,200,0.53947,0.60579
JAK1,25,20,0.2,0.6,0.066316,20,1.0,1,0.53947,0.60579
JAK1,25,20,0.2,0.6,0.066316,20,1.0,1,0.53947,0.60579
JAK1,25,20,0.2,0.8,0.148947,5,1.0,200,0.53947,0.68842
JAK1,25,20,0.2,0.8,0.148947,10,1.0,200,0.53947,0.68842
JAK1,25,20,0.2,0.8,0.148947,20,1.0,1,0.53947,0.68842
JAK1,25,20,0.2,0.8,0.148947,20,1.0,1,0.53947,0.68842
JAK1,25,20,0.2,1.0,0.252105,5,1.0,200,0.53947,0.79158
JAK1,25,20,0.2,1.0,0.252105,10,1.0,200,0.53947,0.79158
JAK1,25,20,0.2,1.0,0.252105,20,1.0,1,0.53947,0.79158
JAK1,25,20,0.2,1.0,0.252105,20,1.0,1,0.53947,0.79158
JAK1,25,20,0.4,0.6,0.036053,5,1.0,200,0.56974,0.60579
JAK1,25,20,0.4,0.6,0.036053,10,1.0,200,0.56974,0.60579
JAK1,25,20,0.4,0.6,0.036053,20,1.0,1,0.56974,0.60579
JAK1,25,20,0.4,0.6,0.036053,20,1.0,1,0.56974,0.60579
JAK1,25,20,0.4,0.8,0.118684,5,1.0,200,0.56974,0.68842
JAK1,25,20,0.4,0.8,0.118684,10,1.0,200,0.56974,0.68842
JAK1,25,20,0.4,0.8,0.118684,20,1.0,1,0.56974,0.68842
JAK1,25,20,0.4,0.8,0.118684,20,1.0,1,0.56974,0.68842
JAK1,25,20,0.4,1.0,0.221842,5,1.0,200,0.56974,0.79158
JAK1,25,20,0.4,1.0,0.221842,10,1.0,200,0.56974,0.79158
JAK1,25,20,0.4,1.0,0.221842,20,1.0,1,0.56974,0.79158
JAK1,25,20,0.4,1.0,0.221842,20,1.0,1,0.56974,0.79158
JAK1,25,20,0.6,0.8,0.082632,5,1.0,200,0.60579,0.68842
JAK1,25,20,0.6,0.8,0.082632,10,1.0,200,0.60579,0.68842
JAK1,25,20,0.6,0.8,0.082632,20,1.0,1,0.60579,0.68842
JAK1,25,20,0.6,0.8,0.082632,20,1.0,1,0.60579,0.68842
JAK1,25,20,0.6,1.0,0.185789,5,1.0,200,0.60579,0.79158
JAK1,25,20,0.6,1.0,0.185789,10,1.0,200,0.60579,0.79158
JAK1,25,20,0.6,1.0,0.185789,20,1.0,1,0.60579,0.79158
JAK1,25,20,0.6,1.0,0.185789,20,1.0,1,0.60579,0.79158
JAK1,25,20,0.8,1.0,0.103158,5,1.0,200,0.68842,0.79158
JAK1,25,20,0.8,1.0,0.103158,10,1.0,200,0.68842,0.79158
JAK1,25,20,0.8,1.0,0.103158,20,1.0,1,0.68842,0.79158
JAK1,25,20,0.8,1.0,0.103158,20,1.0,1,0.68842,0.79158
JAK1,50,14,0.0,0.2,0.03022,5,1.0,200,0.5,0.53022
JAK1,50,14,0.0,0.2,0.03022,10,1.0,200,0.5,0.53022
JAK1,50,14,0.0,0.2,0.03022,14,1.0,1,0.5,0.53022
JAK1,50,14,0.0,0.4,0.057143,5,1.0,200,0.5,0.55714
JAK1,50,14,0.0,0.4,0.057143,10,1.0,200,0.5,0.55714
JAK1,50,14,0.0,0.4,0.057143,14,1.0,1,0.5,0.55714
JAK1,50,14,0.0,0.6,0.113187,5,1.0,200,0.5,0.61319
JAK1,50,14,0.0,0.6,0.113187,10,1.0,200,0.5,0.61319
JAK1,50,14,0.0,0.6,0.113187,14,1.0,1,0.5,0.61319
JAK1,50,14,0.0,0.8,0.232967,5,1.0,200,0.5,0.73297
JAK1,50,14,0.0,0.8,0.232967,10,1.0,200,0.5,0.73297
JAK1,50,14,0.0,0.8,0.232967,14,1.0,1,0.5,0.73297
JAK1,50,14,0.0,1.0,0.321978,5,1.0,200,0.5,0.82198
JAK1,50,14,0.0,1.0,0.321978,10,1.0,200,0.5,0.82198
JAK1,50,14,0.0,1.0,0.321978,14,1.0,1,0.5,0.82198
JAK1,50,14,0.2,0.4,0.026923,5,1.0,200,0.53022,0.55714
JAK1,50,14,0.2,0.4,0.026923,10,1.0,200,0.53022,0.55714
JAK1,50,14,0.2,0.4,0.026923,14,1.0,1,0.53022,0.55714
JAK1,50,14,0.2,0.6,0.082967,5,1.0,200,0.53022,0.61319
JAK1,50,14,0.2,0.6,0.082967,10,1.0,200,0.53022,0.61319
JAK1,50,14,0.2,0.6,0.082967,14,1.0,1,0.53022,0.61319
JAK1,50,14,0.2,0.8,0.202747,5,1.0,200,0.53022,0.73297
JAK1,50,14,0.2,0.8,0.202747,10,1.0,200,0.53022,0.73297
JAK1,50,14,0.2,0.8,0.202747,14,1.0,1,0.53022,0.73297
JAK1,50,14,0.2,1.0,0.291758,5,1.0,200,0.53022,0.82198
JAK1,50,14,0.2,1.0,0.291758,10,1.0,200,0.53022,0.82198
JAK1,50,14,0.2,1.0,0.291758,14,1.0,1,0.53022,0.82198
JAK1,50,14,0.4,0.6,0.056044,5,1.0,200,0.55714,0.61319
JAK1,50,14,0.4,0.6,0.056044,10,1.0,200,0.55714,0.61319
JAK1,50,14,0.4,0.6,0.056044,14,1.0,1,0.55714,0.61319
JAK1,50,14,0.4,0.8,0.175824,5,1.0,200,0.55714,0.73297
JAK1,50,14,0.4,0.8,0.175824,10,1.0,200,0.55714,0.73297
JAK1,50,14,0.4,0.8,0.175824,14,1.0,1,0.55714,0.73297
JAK1,50,14,0.4,1.0,0.264835,5,1.0,200,0.55714,0.82198
JAK1,50,14,0.4,1.0,0.264835,10,1.0,200,0.55714,0.82198
JAK1,50,14,0.4,1.0,0.264835,14,1.0,1,0.55714,0.82198
JAK1,50,14,0.6,0.8,0.11978,5,1.0,200,0.61319,0.73297
JAK1,50,14,0.6,0.8,0.11978,10,1.0,200,0.61319,0.73297
JAK1,50,14,0.6,0.8,0.11978,14,1.0,1,0.61319,0.73297
JAK1,50,14,0.6,1.0,0.208791,5,1.0,200,0.61319,0.82198
JAK1,50,14,0.6,1.0,0.208791,10,1.0,200,0.61319,0.82198
JAK1,50,14,0.6,1.0,0.208791,14,1.0,1,0.61319,0.82198
JAK1,50,14,0.8,1.0,0.089011,5,1.0,200,0.73297,0.82198
JAK1,50,14,0.8,1.0,0.089011,10,1.0,200,0.73297,0.82198
JAK1,50,14,0.8,1.0,0.089011,14,1.0,1,0.73297,0.82198
JAK1,100,9,0.0,0.2,0.098611,5,1.0,200,0.5,0.59861
JAK1,100,9,0.0,0.2,0.098611,9,1.0,1,0.5,0.59861
JAK1,100,9,0.0,0.4,0.156944,5,1.0,200,0.5,0.65694
JAK1,100,9,0.0,0.4,0.156944,9,1.0,1,0.5,0.65694
JAK1,100,9,0.0,0.6,0.2125,5,1.0,200,0.5,0.7125
JAK1,100,9,0.0,0.6,0.2125,9,1.0,1,0.5,0.7125
JAK1,100,9,0.0,0.8,0.379167,5,1.0,200,0.5,0.87917
JAK1,100,9,0.0,0.8,0.379167,9,1.0,1,0.5,0.87917
JAK1,100,9,0.0,1.0,0.4,5,1.0,200,0.5,0.9
JAK1,100,9,0.0,1.0,0.4,9,1.0,1,0.5,0.9
JAK1,100,9,0.2,0.4,0.058333,5,1.0,200,0.59861,0.65694
JAK1,100,9,0.2,0.4,0.058333,9,1.0,1,0.59861,0.65694
JAK1,100,9,0.2,0.6,0.113889,5,1.0,200,0.59861,0.7125
JAK1,100,9,0.2,0.6,0.113889,9,1.0,1,0.59861,0.7125
JAK1,100,9,0.2,0.8,0.280556,5,1.0,200,0.59861,0.87917
JAK1,100,9,0.2,0.8,0.280556,9,1.0,1,0.59861,0.87917
JAK1,100,9,0.2,1.0,0.301389,5,1.0,200,0.59861,0.9
JAK1,100,9,0.2,1.0,0.301389,9,1.0,1,0.59861,0.9
JAK1,100,9,0.4,0.6,0.055556,5,1.0,200,0.65694,0.7125
JAK1,100,9,0.4,0.6,0.055556,9,1.0,1,0.65694,0.7125
JAK1,100,9,0.4,0.8,0.222222,5,1.0,200,0.65694,0.87917
JAK1,100,9,0.4,0.8,0.222222,9,1.0,1,0.65694,0.87917
JAK1,100,9,0.4,1.0,0.243056,5,1.0,200,0.65694,0.9
JAK1,100,9,0.4,1.0,0.243056,9,1.0,1,0.65694,0.9
JAK1,100,9,0.6,0.8,0.166667,5,1.0,200,0.7125,0.87917
JAK1,100,9,0.6,0.8,0.166667,9,1.0,1,0.7125,0.87917
JAK1,100,9,0.6,1.0,0.1875,5,1.0,200,0.7125,0.9
JAK1,100,9,0.6,1.0,0.1875,9,1.0,1,0.7125,0.9
JAK1,100,9,0.8,1.0,0.020833,5,1.0,200,0.87917,0.9
JAK1,100,9,0.8,1.0,0.020833,9,1.0,1,0.87917,0.9
JAK1,150,6,0.0,0.2,0.106667,5,1.0,200,0.5,0.60667
JAK1,150,6,0.0,0.2,0.106667,6,1.0,1,0.5,0.60667
JAK1,150,6,0.0,0.4,0.166667,5,1.0,200,0.5,0.66667
JAK1,150,6,0.0,0.4,0.166667,6,1.0,1,0.5,0.66667
JAK1,150,6,0.0,0.6,0.276667,5,1.0,200,0.5,0.77667
JAK1,150,6,0.0,0.6,0.276667,6,1.0,1,0.5,0.77667
JAK1,150,6,0.0,0.8,0.446667,5,1.0,200,0.5,0.94667
JAK1,150,6,0.0,0.8,0.446667,6,1.0,1,0.5,0.94667
JAK1,150,6,0.0,1.0,0.463333,5,1.0,200,0.5,0.96333
JAK1,150,6,0.0,1.0,0.463333,6,1.0,1,0.5,0.96333
JAK1,150,6,0.2,0.4,0.06,5,1.0,200,0.60667,0.66667
JAK1,150,6,0.2,0.4,0.06,6,1.0,1,0.60667,0.66667
JAK1,150,6,0.2,0.6,0.17,5,1.0,200,0.60667,0.77667
JAK1,150,6,0.2,0.6,0.17,6,1.0,1,0.60667,0.77667
JAK1,150,6,0.2,0.8,0.34,5,1.0,200,0.60667,0.94667
JAK1,150,6,0.2,0.8,0.34,6,1.0,1,0.60667,0.94667
JAK1,150,6,0.2,1.0,0.356667,5,1.0,200,0.60667,0.96333
JAK1,150,6,0.2,1.0,0.356667,6,1.0,1,0.60667,0.96333
JAK1,150,6,0.4,0.6,0.11,5,1.0,200,0.66667,0.77667
JAK1,150,6,0.4,0.6,0.11,6,1.0,1,0.66667,0.77667
JAK1,150,6,0.4,0.8,0.28,5,1.0,200,0.66667,0.94667
JAK1,150,6,0.4,0.8,0.28,6,1.0,1,0.66667,0.94667
JAK1,150,6,0.4,1.0,0.296667,5,1.0,200,0.66667,0.96333
JAK1,150,6,0.4,1.0,0.296667,6,1.0,1,0.66667,0.96333
JAK1,150,6,0.6,0.8,0.17,5,1.0,200,0.77667,0.94667
JAK1,150,6,0.6,0.8,0.17,6,1.0,1,0.77667,0.94667
JAK1,150,6,0.6,1.0,0.186667,5,1.0,200,0.77667,0.96333
JAK1,150,6,0.6,1.0,0.186667,6,1.0,1,0.77667,0.96333
JAK1,150,6,0.8,1.0,0.016667,5,1.0,200,0.94667,0.96333
JAK1,150,6,0.8,1.0,0.016667,6,1.0,1,0.94667,0.96333
