gene,variant,seed,D_self,D_null
TP53,P222P,0,0.2568212712436022,0.26179431852013124
TP53,P222P,1,0.22941355659286344,0.27196398224420903
TP53,P222P,2,0.25515670762699827,0.2716985580029103
TP53,P222P,3,0.2739858844544223,0.3279838617365911
TP53,P222P,4,0.2657666435305508,0.2476883386502351
TP53,P222P,5,0.32749989072041075,0.32876570686268636
TP53,P222P,6,0.23700854976725694,0.2755799856910137
TP53,P222P,7,0.2877728426479962,0.32335812636878103
TP53,P222P,8,0.26064510144637865,0.2779715551444575
TP53,P222P,9,0.2550472583249608,0.26253991965877077
TP53,P222P,10,0.25321186194635104,0.2935439128533126
TP53,P222P,11,0.2914402644812206,0.2223179636128627
TP53,P222P,12,0.2763003329603677,0.2633336472977348
TP53,P222P,13,0.25892093638929126,0.2451182281084776
TP53,P222P,14,0.286613947909121,0.2134025913141926
TP53,P222P,15,0.236394672974388,0.2797573714319981
TP53,P222P,16,0.22933033660546798,0.27905680215705075
TP53,P222P,17,0.22151862603194417,0.24678671171249533
TP53,P222P,18,0.23189885436613977,0.23670221858628082
TP53,P222P,19,0.42349100752628743,0.3877540029066502
TP53,P222P,20,0.2569652400079043,0.2728170115871329
TP53,P222P,21,0.22257481770994758,0.25865942027149913
TP53,P222P,22,0.27112259595702426,0.32405043011209145
TP53,P222P,23,0.3078423389904543,0.28449543265810107
TP53,P222P,24,0.2284026258987879,0.32581802125251613
TP53,P222P,25,0.18703907669126707,0.2482181895448612
TP53,P222P,26,0.2612882159163945,0.25308509702961146
TP53,P222P,27,0.28142543580579726,0.3045783161308897
TP53,P222P,28,0.30771327716510655,0.23760371062627428
TP53,P222P,29,0.2410512461541927,0.25686547344857047
TP53,P222P,30,0.2774271736288618,0.31375035885488245
TP53,P222P,31,0.22762026294121895,0.2611507654369234
TP53,P222P,32,0.2660858022777859,0.2824855721219244
TP53,P222P,33,0.23534490754541437,0.3080890934433107
TP53,P222P,34,0.26778820991753705,0.3663847540037253
TP53,P222P,35,0.3025581834932076,0.30228698610289584
TP53,P222P,36,0.26690023039527233,0.30357871373447765
TP53,P222P,37,0.27521174944440574,0.25085629304826185
TP53,P222P,38,0.2678853054869066,0.33124072592097065
TP53,P222P,39,0.36234102005958135,0.3389006395425689
TP53,P222P,40,0.26749090460388203,0.2608838844368009
TP53,P222P,41,0.24783896209847356,0.28203776637899125
TP53,P222P,42,0.19971282294823922,0.22643104673082703
TP53,P222P,43,0.31870734984257965,0.3787303292172588
TP53,P222P,44,0.2590988902880049,0.24453371571398463
TP53,P222P,45,0.3049317315669384,0.35568795214187787
TP53,P222P,46,0.2189605490343105,0.22259734093207584
TP53,P222P,47,0.2826388828169719,0.2491629372899098
TP53,P222P,48,0.3562073243245365,0.30502837038538644
TP53,P222P,49,0.22600344858938115,0.22711235707735256
TP53,P222P,50,0.28557495251181564,0.2960810404976577
TP53,P222P,51,0.28727967106868846,0.3219366217627595
TP53,P222P,52,0.2638633354245421,0.28756944984713684
TP53,P222P,53,0.22867115269027494,0.2933935702131123
TP53,P222P,54,0.26479902945194667,0.3192094818421616
TP53,P222P,55,0.2380908724704618,0.2251051977158376
TP53,P222P,56,0.20608938498015306,0.27257787674415823
TP53,P222P,57,0.24068873464996798,0.24125670969058888
TP53,P222P,58,0.2387182351318735,0.26893945076366066
TP53,P222P,59,0.20680974338828406,0.2528566770182614
TP53,P222P,60,0.20188852623096665,0.2692408827665922
TP53,P222P,61,0.3534450155293527,0.35150576230883246
TP53,P222P,62,0.24970715846130176,0.30486834917621053
TP53,P222P,63,0.31466770901106855,0.32344411329451717
TP53,P222P,64,0.24102575557877515,0.23794074467384618
TP53,P222P,65,0.2717431974874138,0.2952304090263276
TP53,P222P,66,0.27325309756379923,0.29139278419515335
TP53,P222P,67,0.2902936510667402,0.3069858958515894
TP53,P222P,68,0.24571822907090635,0.2975996897123352
TP53,P222P,69,0.36427040288543466,0.37368561815861767
TP53,P222P,70,0.3669667009777058,0.28437702706309054
TP53,P222P,71,0.20499074616073898,0.27525322511866435
TP53,P222P,72,0.3367427511489183,0.23849126565638556
TP53,P222P,73,0.23821664332317383,0.23406062531073246
TP53,P222P,74,0.298489184183925,0.23479709911333302
TP53,P222P,75,0.29493993724741685,0.3377328081627411
TP53,P222P,76,0.26417452128849916,0.2720100655041122
TP53,P222P,77,0.20961514825188843,0.3065241170609099
TP53,P222P,78,0.22268494965892316,0.24602430828796784
TP53,P222P,79,0.23350800845484443,0.29431788200954756
TP53,P222P,80,0.19557026265810862,0.2561458558470129
TP53,P222P,81,0.27283959628834253,0.31628423911024584
TP53,P222P,82,0.24133571532461318,0.2451755395127364
TP53,P222P,83,0.2522505824702854,0.33014014094109356
TP53,P222P,84,0.3251611142022526,0.3157163970066925
TP53,P222P,85,0.28407685333475996,0.35272774252851136
TP53,P222P,86,0.23290501224752092,0.2768794165428936
TP53,P222P,87,0.2530946802424445,0.30519160583697413
TP53,P222P,88,0.30836737160560546,0.3258129072565801
TP53,P222P,89,0.21474042431095341,0.21916201756247133
TP53,P222P,90,0.325007764269607,0.3142362627372002
TP53,P222P,91,0.3202930623011895,0.29007173347340043
TP53,P222P,92,0.21999410241375372,0.3126284452755428
TP53,P222P,93,0.2338107313970781,0.28309450245623324
TP53,P222P,94,0.31545398931481117,0.22826494993830337
TP53,P222P,95,0.35605922640220555,0.2553273665966458
TP53,P222P,96,0.27311141751506796,0.2715671640377124
TP53,P222P,97,0.29817501114323264,0.22520606001628707
TP53,P222P,98,0.22614111598115727,0.2699263678773143
TP53,P222P,99,0.2738181091800058,0.29088579974321505
TP53,P222P,100,0.25308444067779945,0.2602979403387451
TP53,P222P,101,0.3105054137173866,0.3447645451592152
TP53,P222P,102,0.2803002175794589,0.2917976742527628
TP53,P222P,103,0.24016957474543332,0.279159540368056
TP53,P222P,104,0.25097151871940326,0.26899860256986585
TP53,P222P,105,0.3070353319307131,0.30839841624790765
TP53,P222P,106,0.27761741501722526,0.2994470213001179
TP53,P222P,107,0.24081799741701815,0.24446241380642064
TP53,P222P,108,0.21167609314654356,0.2668148802328325
TP53,P222P,109,0.25561746189728396,0.2905557774991223
TP53,P222P,110,0.2316160205126785,0.23581620017279903
TP53,P222P,111,0.23625601284373232,0.25371722370162786
TP53,P222P,112,0.20033029959109427,0.3021168395606608
TP53,P222P,113,0.24384089406780873,0.221236557979676
TP53,P222P,114,0.2535131883561732,0.24312299147881333
TP53,P222P,115,0.2635834636264107,0.31865648922719814
TP53,P222P,116,0.23969204246505527,0.2743265332806928
TP53,P222P,117,0.34310114789528257,0.2909471156531538
TP53,P222P,118,0.21369034815053212,0.24268073819036573
TP53,P222P,119,0.27751620311530445,0.26252991235273626
TP53,P222P,120,0.31303347143001403,0.25913548614931514
TP53,P222P,121,0.2576136068240693,0.34907318325415204
TP53,P222P,122,0.28857543812222275,0.37418401265693646
TP53,P222P,123,0.27982467520053333,0.29830618390548125
TP53,P222P,124,0.3548236348057543,0.3785659368057104
TP53,P222P,125,0.26748935410975605,0.302172252345553
TP53,P222P,126,0.23253315015248432,0.3356299379020484
TP53,P222P,127,0.20915304146540592,0.2764384891212295
TP53,P222P,128,0.2559717718553749,0.29081843253514705
TP53,P222P,129,0.3005202082689422,0.32073070842310614
TP53,P222P,130,0.2295280833075921,0.29170971740002116
TP53,P222P,131,0.25106926588392753,0.29027803945693265
TP53,P222P,132,0.24295665618256734,0.3028080748059665
TP53,P222P,133,0.2505381888038336,0.2620249268160393
TP53,P222P,134,0.2612751952720984,0.31751976893155387
TP53,P222P,135,0.21253245927297115,0.23981986281469503
TP53,P222P,136,0.243031919741302,0.26627757492857995
TP53,P222P,137,0.19688404419779815,0.3087260709480013
TP53,P222P,138,0.30460647403764796,0.31363928884866255
TP53,P222P,139,0.1995177478420871,0.25810082263402734
TP53,P222P,140,0.31696555131508575,0.24973026116850505
TP53,P222P,141,0.25963170767645494,0.23773602444574138
TP53,P222P,142,0.26399653715192883,0.28892589747499287
TP53,P222P,143,0.21618607146246305,0.31427919821748773
TP53,P222P,144,0.26745684003093473,0.2256614853753689
TP53,P222P,145,0.23414135132979297,0.2682181696920374
TP53,P222P,146,0.21666973199100426,0.2824842221888275
TP53,P222P,147,0.23007388166524478,0.2895207713727608
TP53,P222P,148,0.2922610217119619,0.2932324827763253
TP53,P222P,149,0.23400367527928978,0.2847211472187823
TP53,P222P,150,0.2511629467211627,0.2566501378865702
TP53,P222P,151,0.21050932258967592,0.2495733093552417
TP53,P222P,152,0.23936736822246374,0.2751620715382721
TP53,P222P,153,0.19873681430552637,0.27563719401561215
TP53,P222P,154,0.23280528131767753,0.265923603877642
TP53,P222P,155,0.25971565873417646,0.2973297449772616
TP53,P222P,156,0.3089959552622119,0.35955081036171777
TP53,P222P,157,0.1988402747711362,0.266776467505224
TP53,P222P,158,0.22687872669211373,0.26253877506788825
TP53,P222P,159,0.20511136709438205,0.2846354555844073
TP53,P222P,160,0.28460606167135083,0.268565442849809
TP53,P222P,161,0.22248692882822496,0.2665822945402212
TP53,P222P,162,0.23718598792304846,0.24297863698259903
TP53,P222P,163,0.24837275600216202,0.306707290767271
TP53,P222P,164,0.25394603533997184,0.31753679329039386
TP53,P222P,165,0.1978211073167877,0.2555005433543549
TP53,P222P,166,0.24155138541012633,0.28579714782372534
TP53,P222P,167,0.2835246088756236,0.3117228191646326
TP53,P222P,168,0.30672716209131323,0.2664968878881879
TP53,P222P,169,0.26093116883637535,0.2834891444223473
TP53,P222P,170,0.23402581772865005,0.2826548888187581
TP53,P222P,171,0.23773198142247765,0.2728825585934551
TP53,P222P,172,0.24189206714499178,0.24086187129112346
TP53,P222P,173,0.3320908590625322,0.24397724957602307
TP53,P222P,174,0.24754375560714692,0.24205970432412727
TP53,P222P,175,0.2150135725724418,0.2542461656712618
TP53,P222P,176,0.2666594105970752,0.2411981172443518
TP53,P222P,177,0.26991793937042985,0.3307737479245745
TP53,P222P,178,0.26497460391857786,0.2938897878651616
TP53,P222P,179,0.24507935420313842,0.3164933903430658
TP53,P222P,180,0.24261982980280905,0.24290349056513705
TP53,P222P,181,0.26465479333327124,0.2708094577154583
TP53,P222P,182,0.25596130286256624,0.2728228285791481
TP53,P222P,183,0.21786243154883067,0.2706739109909826
TP53,P222P,184,0.30379939495070474,0.33858430263744665
TP53,P222P,185,0.22336052208446588,0.22982873566970596
TP53,P222P,186,0.30545799425767584,0.23660242661732767
TP53,P222P,187,0.28408211662835825,0.280309665955464
TP53,P222P,188,0.3134230508855609,0.24036598044762414
TP53,P222P,189,0.34067450193959203,0.26041728453175494
TP53,P222P,190,0.25959246079948173,0.29630844194921124
TP53,P222P,191,0.3095896418898896,0.2667656984659281
TP53,P222P,192,0.21312194151590447,0.2973313095635959
TP53,P222P,193,0.23900308611486665,0.24923185459816466
TP53,P222P,194,0.20719438388665168,0.2298021255901297
TP53,P222P,195,0.2956559434756194,0.25024512266928767
TP53,P222P,196,0.22177159474583164,0.24810232829081258
TP53,P222P,197,0.27604557475264,0.3646458043902392
TP53,P222P,198,0.22210755743210697,0.22952992565581454
TP53,P222P,199,0.3456641968977223,0.4189459242902025
JAK1,R108Q,0,0.6186709428119777,3.9580971851289384
JAK1,R108Q,1,0.9062849992240452,4.925520395883947
JAK1,R108Q,2,0.7163292726127537,5.144816261961331
JAK1,R108Q,3,0.7611723807251884,3.8232570943045516
JAK1,R108Q,4,0.7029301990939061,3.973950018563439
JAK1,R108Q,5,0.7448846542201935,4.2283814847634
JAK1,R108Q,6,0.748207662706271,3.979319826454386
JAK1,R108Q,7,0.7925253152730036,3.949394285563546
JAK1,R108Q,8,0.6829504720460235,4.852337690411687
JAK1,R108Q,9,0.7418897588857121,4.574328423434153
JAK1,R108Q,10,0.6798341588299053,4.151790638025055
JAK1,R108Q,11,1.0529871150501187,4.359421246672049
JAK1,R108Q,12,0.6826979391183734,5.3668954066133665
JAK1,R108Q,13,0.7372909083483101,4.440542843021895
JAK1,R108Q,14,0.8362950005741503,4.75156904836717
JAK1,R108Q,15,0.8953873064085407,4.820716164364232
JAK1,R108Q,16,0.802797617057557,4.205624561147548
JAK1,R108Q,17,0.6534458960270157,3.954417689263991
JAK1,R108Q,18,0.6914726794135397,4.516797115123783
JAK1,R108Q,19,0.8658804979139951,5.179971607964326
JAK1,R108Q,20,0.6751393311053526,5.482226182791631
JAK1,R108Q,21,0.6710796237646619,4.733616655226555
JAK1,R108Q,22,0.8224851353162599,3.7152830329201727
JAK1,R108Q,23,0.6388599967331281,4.504630441287059
JAK1,R108Q,24,0.6270608855686568,4.358670651732009
JAK1,R108Q,25,0.8601533019663492,4.861029720409935
JAK1,R108Q,26,0.6914216082723321,4.674754051291771
JAK1,R108Q,27,0.6036299850117004,4.550859817288178
JAK1,R108Q,28,1.1062025478613222,6.164096842462506
JAK1,R108Q,29,0.7646764116908962,4.346164193110518
JAK1,R108Q,30,0.7139866115213671,3.9337977644918993
JAK1,R108Q,31,0.6331261656965452,4.655570587216502
JAK1,R108Q,32,0.8482023830206664,4.531280885929007
JAK1,R108Q,33,0.6748644347897788,4.373074883339104
JAK1,R108Q,34,0.8603107147599083,4.523727632506414
JAK1,R108Q,35,0.5658967468792149,4.761033513680573
JAK1,R108Q,36,0.7733221016954666,4.239217222210144
JAK1,R108Q,37,0.7740267402802239,3.7836457862990613
JAK1,R108Q,38,0.7498466164241862,4.343644141843999
JAK1,R108Q,39,0.7469570954592157,4.979452541518622
JAK1,R108Q,40,0.9123589256528923,5.143761264803004
JAK1,R108Q,41,0.6119557399731583,4.168809837400264
JAK1,R108Q,42,0.5749456039468477,4.001888154152571
JAK1,R108Q,43,0.8605490924081103,4.623637928630856
JAK1,R108Q,44,1.02063459893251,4.9858057133445435
JAK1,R108Q,45,0.6581713858684033,4.903090108673464
JAK1,R108Q,46,0.726148538660091,4.389993651992793
JAK1,R108Q,47,0.9831249466746748,4.433685671346389
JAK1,R108Q,48,0.7170526648832478,4.648647978274234
JAK1,R108Q,49,1.2078008353701257,5.903544376566906
JAK1,R108Q,50,0.7363937592592045,4.316310810511261
JAK1,R108Q,51,0.8321326034647818,4.878269544558645
JAK1,R108Q,52,0.728310040321567,4.222868559831404
JAK1,R108Q,53,0.9193531708667884,4.963697706161046
JAK1,R108Q,54,0.7926592128777301,4.807227966297443
JAK1,R108Q,55,0.7119472668225093,4.00046475180649
JAK1,R108Q,56,0.7687335252608101,4.625281633506603
JAK1,R108Q,57,0.6538178033353361,4.090702792846084
JAK1,R108Q,58,0.6088877786257072,4.379945673495811
JAK1,R108Q,59,0.7595064251748944,3.761578669436272
JAK1,R108Q,60,0.8530011476675732,4.334155300647311
JAK1,R108Q,61,0.7369325545182086,4.549469812335467
JAK1,R108Q,62,0.6897913120016632,4.317344324382063
JAK1,R108Q,63,0.6497787156459438,4.515001660461838
JAK1,R108Q,64,0.7608383640217724,5.819206457064482
JAK1,R108Q,65,0.9298794117521716,5.34106129411585
JAK1,R108Q,66,0.5839857528581192,5.212742078454969
JAK1,R108Q,67,0.686952224930895,4.457537064579693
JAK1,R108Q,68,0.7916790086922063,3.903632872013432
JAK1,R108Q,69,0.7416966919672916,4.250841646080321
JAK1,R108Q,70,0.6323603844638974,4.6633851833828714
JAK1,R108Q,71,0.8448712839134487,4.509379681296181
JAK1,R108Q,72,0.9556639298099938,4.088263788950261
JAK1,R108Q,73,0.6670349334791972,4.272872568356014
JAK1,R108Q,74,0.6202483065890476,4.600718768971603
JAK1,R108Q,75,0.8912337316778931,4.517424983569924
JAK1,R108Q,76,0.6212660108742263,4.72109957704836
JAK1,R108Q,77,0.6274206763112069,4.522200863669827
JAK1,R108Q,78,0.6128280137828774,5.310688112556193
JAK1,R108Q,79,0.691640930131804,3.9075962826871624
JAK1,R108Q,80,0.7583234591548837,4.646871661466395
JAK1,R108Q,81,0.7799705318841248,5.501321856416759
JAK1,R108Q,82,0.6964776479273453,3.9262561026280594
JAK1,R108Q,83,0.6583642482126848,4.635291973294077
JAK1,R108Q,84,0.6347395339162532,4.086430726869075
JAK1,R108Q,85,0.7850809524971893,4.707077435027212
JAK1,R108Q,86,0.9164157127355352,5.282849205139463
JAK1,R108Q,87,0.6089364252521747,4.3729738974449255
JAK1,R108Q,88,0.7638329169679494,4.840440412774914
JAK1,R108Q,89,0.7722739519529043,5.197435728161835
JAK1,R108Q,90,0.6676118291396698,4.58916919233209
JAK1,R108Q,91,0.7165320535998951,4.343446323600833
JAK1,R108Q,92,0.7452696531324072,4.81312514424739
JAK1,R108Q,93,0.7684407813154444,3.8120714435645375
JAK1,R108Q,94,0.5825228501048514,4.3461431236761925
JAK1,R108Q,95,0.7233989994178849,4.469188479665885
JAK1,R108Q,96,0.7125896154418676,4.461843946471127
JAK1,R108Q,97,0.6520324057197335,4.251505238313804
JAK1,R108Q,98,0.7071005104248087,4.978596561049148
JAK1,R108Q,99,0.6353030389590728,4.6695463612120705
JAK1,R108Q,100,0.937432344593919,5.046538843834817
JAK1,R108Q,101,0.8818265260581732,4.5126904411592506
JAK1,R108Q,102,0.6233687714040101,5.078137182186946
JAK1,R108Q,103,0.623040533661861,4.089838501241331
JAK1,R108Q,104,0.7296175129710143,4.822173237717706
JAK1,R108Q,105,0.6431498235021458,5.2512601448006535
JAK1,R108Q,106,0.5679445787590893,5.308093059426994
JAK1,R108Q,107,0.7956387379503624,4.892683303342828
JAK1,R108Q,108,0.7922783804991198,4.918633921030274
JAK1,R108Q,109,0.7088794215700034,4.220827731962981
JAK1,R108Q,110,0.9255815647304146,5.052114125727471
JAK1,R108Q,111,0.8245466033033786,4.06728891916141
JAK1,R108Q,112,0.7789207682387413,4.916855283863722
JAK1,R108Q,113,0.8901861002467548,4.81290339020558
JAK1,R108Q,114,0.6609798501268003,4.66042278840775
JAK1,R108Q,115,0.6626264507666733,4.683888098739381
JAK1,R108Q,116,0.6218024094859302,4.41873842181667
JAK1,R108Q,117,0.7433814796193872,4.525377871357158
JAK1,R108Q,118,0.7749705417727633,4.066314190769024
JAK1,R108Q,119,0.6318573944275023,4.767890723891444
JAK1,R108Q,120,0.753487435360011,5.380614647460675
JAK1,R108Q,121,0.7625856904770707,4.131004591840117
JAK1,R108Q,122,0.7083948348604494,5.3377019178528435
JAK1,R108Q,123,0.7911216466351654,4.62152944325285
JAK1,R108Q,124,0.8619897914964803,4.166740291874582
JAK1,R108Q,125,0.7452372990786031,4.089796098298468
JAK1,R108Q,126,0.674063135902049,4.656712532996636
JAK1,R108Q,127,0.7228146793557819,4.597874724829641
JAK1,R108Q,128,0.6416310043718312,4.01608065367877
JAK1,R108Q,129,0.8423623841749937,4.942257206939075
JAK1,R108Q,130,0.690241737578841,4.176938827682559
JAK1,R108Q,131,0.9510991195358756,4.661300786796151
JAK1,R108Q,132,0.9688735387543872,5.254334554904908
JAK1,R108Q,133,0.6674550399689743,4.268081306228499
JAK1,R108Q,134,0.668431910780459,4.121515041956982
JAK1,R108Q,135,0.6928868794644778,4.087462900642109
JAK1,R108Q,136,0.6706266269164622,4.241730840334256
JAK1,R108Q,137,0.7683637409678994,4.513823831878028
JAK1,R108Q,138,0.7107562316991398,4.014271077559364
JAK1,R108Q,139,0.6710619607978323,4.093883088238165
JAK1,R108Q,140,0.7378468817275987,4.5385450773682585
JAK1,R108Q,141,0.8326496753100194,4.326719045236956
JAK1,R108Q,142,0.6251480433435219,5.332443854094148
JAK1,R108Q,143,0.7722675419917557,4.691203434047878
JAK1,R108Q,144,0.8011226907326368,4.611679152852133
JAK1,R108Q,145,0.9086154094698138,4.973039731726555
JAK1,R108Q,146,0.8935248938679443,3.7516246686228953
JAK1,R108Q,147,0.5972448668882109,4.462831350372031
JAK1,R108Q,148,0.8109850196726178,4.789045916096647
JAK1,R108Q,149,0.7696473825309944,4.295373535878483
JAK1,R108Q,150,0.6483073978550316,4.30332264958265
JAK1,R108Q,151,0.7946804568895587,4.933943132390141
JAK1,R108Q,152,0.7134190289220932,4.698006491671528
JAK1,R108Q,153,0.6246110495971848,5.196892682444478
JAK1,R108Q,154,0.7520598423938694,3.5198371830010835
JAK1,R108Q,155,0.6516360863141166,4.6362542948103815
JAK1,R108Q,156,0.8235879800105472,5.35356782825075
JAK1,R108Q,157,0.7228175596925261,4.2692381454000135
JAK1,R108Q,158,0.7177393750469143,3.633746307757015
JAK1,R108Q,159,0.6343235296526331,4.477589717811011
JAK1,R108Q,160,0.7126861835432692,5.398396843325369
JAK1,R108Q,161,0.8422916552239847,4.270576653783767
JAK1,R108Q,162,0.6896663994487078,4.548102549101994
JAK1,R108Q,163,0.646711353488854,3.762788185115081
JAK1,R108Q,164,0.6194712536934013,4.471511754668217
JAK1,R108Q,165,0.6580277722213523,4.418468382176762
JAK1,R108Q,166,0.6885271766611041,3.671054337642097
JAK1,R108Q,167,0.7484635774177306,3.624231529759431
JAK1,R108Q,168,0.6422564505299206,5.148716343526555
JAK1,R108Q,169,0.8386627157287236,4.857155990183138
JAK1,R108Q,170,0.6478115481399804,4.276552593728507
JAK1,R108Q,171,0.6540171737509297,4.073860435804718
JAK1,R108Q,172,0.6639277675483832,5.134572343497897
JAK1,R108Q,173,1.021281007760006,4.503392286309559
JAK1,R108Q,174,0.6838382577147541,5.289189435674228
JAK1,R108Q,175,0.6684805793953466,4.560828313956648
JAK1,R108Q,176,0.7738372463419942,4.0596768837477555
JAK1,R108Q,177,0.6966478769219613,4.927618659578229
JAK1,R108Q,178,0.5861288042752832,4.355942232693209
JAK1,R108Q,179,1.0066687442226296,5.34245557000683
JAK1,R108Q,180,0.7438012881193252,3.5706120156143477
JAK1,R108Q,181,0.7850295518327854,4.594865158187449
JAK1,R108Q,182,0.7170045923380464,4.200195517679855
JAK1,R108Q,183,0.6248170369558217,3.462753368213061
JAK1,R108Q,184,0.6089617937047223,4.638943781243544
JAK1,R108Q,185,0.7877569236366959,4.956005964146797
JAK1,R108Q,186,0.640450236073427,4.679281490766353
JAK1,R108Q,187,0.7923028791707587,4.187065392211089
JAK1,R108Q,188,0.6607272632579431,4.213148200129353
JAK1,R108Q,189,0.7017524430733921,4.40958671414182
JAK1,R108Q,190,0.8726801712577839,4.579447442845282
JAK1,R108Q,191,0.7244455447811653,4.3437345395504074
JAK1,R108Q,192,0.713718013634697,4.1691975113893065
JAK1,R108Q,193,0.7248389793634331,3.8136632877492715
JAK1,R108Q,194,0.7358274150404149,4.2181775177890515
JAK1,R108Q,195,0.8956911431626935,4.88081766440752
JAK1,R108Q,196,0.7175175654412946,4.241712003383494
JAK1,R108Q,197,0.8900117348003107,3.9835005969795994
JAK1,R108Q,198,0.648002625332218,4.111010975246469
JAK1,R108Q,199,0.7866434097110115,4.562946148373779
