perturbation,native_rankable,native_n_work,native_n_cells,matched50_rankable,matched50_n_work,matched50_n_cells,dataset,native_unrankable,matched50_unrankable
AAAS,False,100,212,False,50,212,Replogle,1,1
AARS2,False,50,181,False,50,181,Replogle,1,1
AATF,True,100,298,True,50,298,Replogle,0,0
ABCB7,False,50,199,False,50,199,Replogle,1,1
ABCE1,True,100,249,True,50,249,Replogle,0,0
ABCF1,True,100,329,False,50,329,Replogle,0,1
ABCG1,False,50,144,False,50,144,Replogle,1,1
ABT1,True,50,107,True,50,107,Replogle,0,0
ACIN1,False,50,191,False,50,191,Replogle,1,1
ACOT12,False,50,180,False,50,180,Replogle,1,1
ACTB,False,50,168,False,50,168,Replogle,1,1
ACTR10,False,50,116,False,50,116,Replogle,1,1
ACTR1A,False,50,143,False,50,143,Replogle,1,1
ACTR1B,False,100,206,False,50,206,Replogle,1,1
ACTR2,False,100,236,False,50,236,Replogle,1,1
ACTR3,False,50,118,False,50,118,Replogle,1,1
ACTR6,False,50,108,False,50,108,Replogle,1,1
ACTR8,True,100,252,True,50,252,Replogle,0,0
ADAT3,False,50,125,False,50,125,Replogle,1,1
ADRM1,False,50,105,False,50,105,Replogle,1,1
ADSL,False,50,133,False,50,133,Replogle,1,1
AHCTF1,False,100,290,False,50,290,Replogle,1,1
AHCY,False,50,147,False,50,147,Replogle,1,1
AKIRIN2,False,50,169,False,50,169,Replogle,1,1
ALG13,False,50,170,False,50,170,Replogle,1,1
ALG14,False,50,183,False,50,183,Replogle,1,1
ALG1L,False,100,216,False,50,216,Replogle,1,1
ALG2,True,100,247,False,50,247,Replogle,0,1
ALYREF,False,100,319,False,50,319,Replogle,1,1
ANAPC1,False,50,124,False,50,124,Replogle,1,1
ANAPC13,False,50,112,False,50,112,Replogle,1,1
ANAPC15,False,200,424,False,50,424,Replogle,1,1
ANAPC2,True,100,237,False,50,237,Replogle,0,1
ANKLE2,False,50,126,False,50,126,Replogle,1,1
ANKRD11,True,100,260,True,50,260,Replogle,0,0
ANKRD49,False,50,144,False,50,144,Replogle,1,1
AP2M1,False,100,215,False,50,215,Replogle,1,1
AP2S1,True,50,123,True,50,123,Replogle,0,0
AQP7,False,50,108,False,50,108,Replogle,1,1
ARCN1,True,100,333,True,50,333,Replogle,0,0
ARFRP1,False,50,138,False,50,138,Replogle,1,1
ARGLU1,True,200,498,False,50,498,Replogle,0,1
ARHGAP11B,False,100,212,False,50,212,Replogle,1,1
ARL4D,False,50,120,False,50,120,Replogle,1,1
ARMC7,False,50,110,False,50,110,Replogle,1,1
ARPC2,False,100,227,False,50,227,Replogle,1,1
ARPC3,False,50,141,False,50,141,Replogle,1,1
ARPC4,False,100,220,False,50,220,Replogle,1,1
ASF1B,False,100,284,False,50,284,Replogle,1,1
ATF5,True,50,141,True,50,141,Replogle,0,0
ATL2,False,50,120,False,50,120,Replogle,1,1
ATP2A2,False,50,158,False,50,158,Replogle,1,1
ATP6AP1,True,50,119,True,50,119,Replogle,0,0
ATP6AP2,False,50,175,False,50,175,Replogle,1,1
ATP6V0B,False,50,147,False,50,147,Replogle,1,1
ATP6V0D1,False,50,101,False,50,101,Replogle,1,1
ATP6V1B2,True,200,442,True,50,442,Replogle,0,0
ATP6V1D,False,50,139,False,50,139,Replogle,1,1
ATP6V1E1,False,50,188,False,50,188,Replogle,1,1
ATR,True,50,141,True,50,141,Replogle,0,0
ATRIP,False,50,184,False,50,184,Replogle,1,1
BANF1,False,50,162,False,50,162,Replogle,1,1
BANP,False,50,110,False,50,110,Replogle,1,1
BAP1,True,100,200,True,50,200,Replogle,0,0
BARD1,False,50,140,False,50,140,Replogle,1,1
BCAR1,False,100,246,False,50,246,Replogle,1,1
BCAS2,True,100,227,True,50,227,Replogle,0,0
BCL2L1,False,50,173,False,50,173,Replogle,1,1
BCR,True,200,561,True,50,561,Replogle,0,0
BDP1,True,100,331,True,50,331,Replogle,0,0
BET1,False,50,131,False,50,131,Replogle,1,1
BGLAP,True,100,236,True,50,236,Replogle,0,0
BNIP1,True,50,111,True,50,111,Replogle,0,0
BOP1,False,100,253,False,50,253,Replogle,1,1
BRCA1,False,50,104,False,50,104,Replogle,1,1
BRCA2,False,50,147,False,50,147,Replogle,1,1
BRD4,False,50,116,False,50,116,Replogle,1,1
BRF1,False,50,166,False,50,166,Replogle,1,1
BRF2,False,50,174,False,50,174,Replogle,1,1
BRIP1,False,50,132,False,50,132,Replogle,1,1
BRIX1,True,50,132,True,50,132,Replogle,0,0
BRK1,False,50,180,False,50,180,Replogle,1,1
BTF3L4,False,50,141,False,50,141,Replogle,1,1
BUB1,False,200,648,False,50,648,Replogle,1,1
BUB1B,False,50,141,False,50,141,Replogle,1,1
BUB3,True,200,409,False,50,409,Replogle,0,1
BUD13,True,50,174,True,50,174,Replogle,0,0
C12orf45,True,50,100,True,50,100,Replogle,0,0
C12orf60,True,50,110,True,50,110,Replogle,0,0
C14orf178,True,50,143,True,50,143,Replogle,0,0
C16orf86,False,50,184,False,50,184,Replogle,1,1
C19orf25,False,50,189,False,50,189,Replogle,1,1
C19orf53,False,50,169,False,50,169,Replogle,1,1
C1D,False,50,160,False,50,160,Replogle,1,1
C1QBP,True,100,210,True,50,210,Replogle,0,0
C1QTNF4,False,50,199,False,50,199,Replogle,1,1
C1orf109,False,100,240,False,50,240,Replogle,1,1
C6orf15,False,50,164,False,50,164,Replogle,1,1
C9orf16,False,100,212,False,50,212,Replogle,1,1
C9orf78,False,100,201,False,50,201,Replogle,1,1
CA5A,False,50,190,False,50,190,Replogle,1,1
CACNB3,False,100,316,False,50,316,Replogle,1,1
CADM4,False,100,381,False,50,381,Replogle,1,1
CASP8AP2,True,100,211,True,50,211,Replogle,0,0
CBLL1,False,50,102,False,50,102,Replogle,1,1
CBLN1,False,100,214,False,50,214,Replogle,1,1
CBX1,False,50,151,False,50,151,Replogle,1,1
CCDC115,False,100,211,False,50,211,Replogle,1,1
CCDC130,False,50,113,False,50,113,Replogle,1,1
CCDC137,False,50,198,False,50,198,Replogle,1,1
CCDC144A,False,50,117,False,50,117,Replogle,1,1
CCDC174,True,50,104,True,50,104,Replogle,0,0
CCDC59,True,50,125,True,50,125,Replogle,0,0
CCDC78,True,50,142,True,50,142,Replogle,0,0
CCDC86,True,100,253,True,50,253,Replogle,0,0
CCNB1,False,50,158,False,50,158,Replogle,1,1
CCND1,False,50,146,False,50,146,Replogle,1,1
CCNK,True,100,327,False,50,327,Replogle,0,1
CCNL1,False,50,177,False,50,177,Replogle,1,1
CCT2,True,50,199,True,50,199,Replogle,0,0
CCT3,True,100,234,True,50,234,Replogle,0,0
CCT4,True,100,251,True,50,251,Replogle,0,0
CCT6A,True,50,131,True,50,131,Replogle,0,0
CCT7,True,50,152,True,50,152,Replogle,0,0
CCT8,True,50,111,True,50,111,Replogle,0,0
CD2BP2,False,50,132,False,50,132,Replogle,1,1
CD8B,False,50,112,False,50,112,Replogle,1,1
CDAN1,False,50,137,False,50,137,Replogle,1,1
CDC123,True,50,112,True,50,112,Replogle,0,0
CDC16,False,50,165,False,50,165,Replogle,1,1
CDC20,False,50,115,False,50,115,Replogle,1,1
CDC23,True,50,177,True,50,177,Replogle,0,0
CDC27,False,100,366,False,50,366,Replogle,1,1
CDC37,False,50,174,False,50,174,Replogle,1,1
CDC40,False,50,107,False,50,107,Replogle,1,1
CDC6,True,50,192,True,50,192,Replogle,0,0
CDC73,True,50,171,True,50,171,Replogle,0,0
CDIPT,False,100,247,False,50,247,Replogle,1,1
CDK1,True,100,347,True,50,347,Replogle,0,0
CDK11A,False,100,269,False,50,269,Replogle,1,1
CDK2,False,50,105,False,50,105,Replogle,1,1
CDK9,True,50,140,True,50,140,Replogle,0,0
CEBPZ,True,50,113,True,50,113,Replogle,0,0
CENPC,True,50,124,True,50,124,Replogle,0,0
CENPE,True,50,177,True,50,177,Replogle,0,0
CENPJ,True,100,282,True,50,282,Replogle,0,0
CENPN,False,50,147,False,50,147,Replogle,1,1
CEP152,False,50,153,False,50,153,Replogle,1,1
CEP192,False,100,202,False,50,202,Replogle,1,1
CEP85,False,50,129,False,50,129,Replogle,1,1
CEP97,False,50,135,False,50,135,Replogle,1,1
CFDP1,False,50,157,False,50,157,Replogle,1,1
CHCHD4,True,50,140,True,50,140,Replogle,0,0
CHEK1,True,100,295,True,50,295,Replogle,0,0
CHMP3,True,50,130,True,50,130,Replogle,0,0
CHMP5,False,50,110,False,50,110,Replogle,1,1
CHMP6,True,200,624,True,50,624,Replogle,0,0
CHMP7,False,100,240,False,50,240,Replogle,1,1
CHORDC1,False,100,259,False,50,259,Replogle,1,1
CHTOP,False,50,149,False,50,149,Replogle,1,1
CIAO1,False,100,255,False,50,255,Replogle,1,1
CIAPIN1,True,50,151,True,50,151,Replogle,0,0
CKAP5,False,100,315,False,50,315,Replogle,1,1
CLASRP,False,50,127,False,50,127,Replogle,1,1
CLSPN,True,50,134,True,50,134,Replogle,0,0
CLTC,True,50,157,True,50,157,Replogle,0,0
CMPK1,False,50,173,False,50,173,Replogle,1,1
CMTR1,True,50,145,True,50,145,Replogle,0,0
CNN2,False,50,197,False,50,197,Replogle,1,1
CNOT1,True,100,269,True,50,269,Replogle,0,0
CNOT3,True,100,332,True,50,332,Replogle,0,0
COA5,False,50,175,False,50,175,Replogle,1,1
COASY,False,100,247,False,50,247,Replogle,1,1
COG2,False,100,343,False,50,343,Replogle,1,1
COG4,False,50,129,False,50,129,Replogle,1,1
COG6,False,50,183,False,50,183,Replogle,1,1
COPA,True,100,243,False,50,243,Replogle,0,1
COPB2,True,50,129,True,50,129,Replogle,0,0
COPE,False,50,143,False,50,143,Replogle,1,1
COPG1,False,100,261,False,50,261,Replogle,1,1
COPS4,True,100,262,True,50,262,Replogle,0,0
COPS6,True,100,235,True,50,235,Replogle,0,0
COPS8,True,100,224,False,50,224,Replogle,0,1
COPZ1,True,100,207,True,50,207,Replogle,0,0
COQ4,False,50,162,False,50,162,Replogle,1,1
COQ5,False,50,113,False,50,113,Replogle,1,1
COX11,False,50,109,False,50,109,Replogle,1,1
COX15,True,50,103,True,50,103,Replogle,0,0
COX17,False,50,143,False,50,143,Replogle,1,1
COX5B,False,50,118,False,50,118,Replogle,1,1
COX6C,False,50,117,False,50,117,Replogle,1,1
COX7B,False,50,120,False,50,120,Replogle,1,1
COX7C,False,50,165,False,50,165,Replogle,1,1
CPAMD8,False,100,233,False,50,233,Replogle,1,1
CPNE7,False,50,101,False,50,101,Replogle,1,1
CPOX,False,50,101,False,50,101,Replogle,1,1
CPSF3,True,200,627,True,50,627,Replogle,0,0
CRCP,False,50,160,False,50,160,Replogle,1,1
CRKL,False,50,120,False,50,120,Replogle,1,1
CRLS1,False,50,111,False,50,111,Replogle,1,1
CRNKL1,True,100,261,False,50,261,Replogle,0,1
CS,False,100,222,False,50,222,Replogle,1,1
CSE1L,True,200,432,True,50,432,Replogle,0,0
CSH2,False,50,179,False,50,179,Replogle,1,1
CSNK1A1,False,50,172,False,50,172,Replogle,1,1
CSNK2B,True,50,128,True,50,128,Replogle,0,0
CSTF1,True,50,141,True,50,141,Replogle,0,0
CTBP2,False,50,110,False,50,110,Replogle,1,1
CTDP1,True,50,117,True,50,117,Replogle,0,0
CTR9,True,100,212,True,50,212,Replogle,0,0
CTU2,False,50,114,False,50,114,Replogle,1,1
CUL1,False,100,223,False,50,223,Replogle,1,1
CUL3,False,50,120,False,50,120,Replogle,1,1
CWC15,True,50,184,True,50,184,Replogle,0,0
CWC25,False,50,149,False,50,149,Replogle,1,1
CWF19L2,True,50,194,True,50,194,Replogle,0,0
CXXC1,True,50,122,True,50,122,Replogle,0,0
CYCS,False,50,163,False,50,163,Replogle,1,1
CYFIP1,False,50,111,False,50,111,Replogle,1,1
CYP2A13,False,50,140,False,50,140,Replogle,1,1
CYP4F11,False,50,120,False,50,120,Replogle,1,1
CYS1,False,50,170,False,50,170,Replogle,1,1
DAP3,True,50,162,True,50,162,Replogle,0,0
DBF4,True,50,131,True,50,131,Replogle,0,0
DCAF6,False,50,137,False,50,137,Replogle,1,1
DCLRE1B,False,50,117,False,50,117,Replogle,1,1
DCTN1,False,50,197,False,50,197,Replogle,1,1
DCTN2,False,50,126,False,50,126,Replogle,1,1
DCTN3,False,100,201,False,50,201,Replogle,1,1
DCTN5,False,50,141,False,50,141,Replogle,1,1
DCUN1D5,True,50,183,True,50,183,Replogle,0,0
DDB1,False,50,177,False,50,177,Replogle,1,1
DDN,False,100,249,False,50,249,Replogle,1,1
DDX1,False,50,101,False,50,101,Replogle,1,1
DDX10,True,50,104,True,50,104,Replogle,0,0
DDX11,False,50,128,False,50,128,Replogle,1,1
DDX18,True,50,137,True,50,137,Replogle,0,0
DDX19A,False,50,103,False,50,103,Replogle,1,1
DDX19B,False,100,285,False,50,285,Replogle,1,1
DDX20,True,50,114,True,50,114,Replogle,0,0
DDX23,True,50,159,True,50,159,Replogle,0,0
DDX24,True,100,286,True,50,286,Replogle,0,0
DDX41,True,100,292,True,50,292,Replogle,0,0
DDX46,True,100,214,True,50,214,Replogle,0,0
DDX47,True,100,313,True,50,313,Replogle,0,0
DDX5,False,50,151,False,50,151,Replogle,1,1
DDX51,True,50,128,True,50,128,Replogle,0,0
DDX52,True,50,117,True,50,117,Replogle,0,0
DDX55,True,50,163,True,50,163,Replogle,0,0
DDX56,True,50,174,True,50,174,Replogle,0,0
DDX59,False,50,154,False,50,154,Replogle,1,1
DENR,True,100,251,False,50,251,Replogle,0,1
DERL2,True,50,124,True,50,124,Replogle,0,0
DHFR,False,50,125,False,50,125,Replogle,1,1
DHODH,True,100,223,False,50,223,Replogle,0,1
DHX15,True,100,359,True,50,359,Replogle,0,0
DHX16,True,100,328,True,50,328,Replogle,0,0
DHX33,True,50,140,True,50,140,Replogle,0,0
DHX36,True,100,269,True,50,269,Replogle,0,0
DHX37,True,100,217,True,50,217,Replogle,0,0
DHX8,True,50,115,True,50,115,Replogle,0,0
DICER1,False,50,158,False,50,158,Replogle,1,1
DLD,True,100,311,True,50,311,Replogle,0,0
DMRTA2,False,50,107,False,50,107,Replogle,1,1
DNAJA1,False,100,292,False,50,292,Replogle,1,1
DNAJA3,True,50,127,True,50,127,Replogle,0,0
DNAJC19,True,100,398,True,50,398,Replogle,0,0
DNAJC8,False,100,277,False,50,277,Replogle,1,1
DNLZ,False,50,140,False,50,140,Replogle,1,1
DNM1,False,50,146,False,50,146,Replogle,1,1
DNM1L,True,50,168,True,50,168,Replogle,0,0
DNMT1,False,50,170,False,50,170,Replogle,1,1
DNTTIP2,True,100,264,True,50,264,Replogle,0,0
DOHH,True,50,155,True,50,155,Replogle,0,0
DOLK,False,50,146,False,50,146,Replogle,1,1
DONSON,True,200,745,True,50,745,Replogle,0,0
DPAGT1,False,50,135,False,50,135,Replogle,1,1
DPH1,False,100,335,False,50,335,Replogle,1,1
DPH2,False,50,164,False,50,164,Replogle,1,1
DPH6,False,50,101,False,50,101,Replogle,1,1
DPM2,False,50,153,False,50,153,Replogle,1,1
DR1,False,50,126,False,50,126,Replogle,1,1
DRAP1,False,100,227,False,50,227,Replogle,1,1
DRG1,False,50,196,False,50,196,Replogle,1,1
DSN1,True,100,245,True,50,245,Replogle,0,0
DTL,True,50,136,True,50,136,Replogle,0,0
DTYMK,True,50,121,True,50,121,Replogle,0,0
DYNC1H1,True,100,291,False,50,291,Replogle,0,1
DYNC1I2,True,100,300,True,50,300,Replogle,0,0
DYNLRB1,True,100,282,False,50,282,Replogle,0,1
E2F6,False,50,150,False,50,150,Replogle,1,1
E4F1,True,50,134,True,50,134,Replogle,0,0
EARS2,False,50,192,False,50,192,Replogle,1,1
EDC4,False,50,166,False,50,166,Replogle,1,1
EEF1G,True,50,175,True,50,175,Replogle,0,0
EEF2,True,100,321,True,50,321,Replogle,0,0
EFTUD2,True,50,127,True,50,127,Replogle,0,0
EGLN2,False,100,362,False,50,362,Replogle,1,1
EIF1AX,True,50,134,True,50,134,Replogle,0,0
EIF2B1,True,50,178,True,50,178,Replogle,0,0
EIF2B2,True,100,319,True,50,319,Replogle,0,0
EIF2B3,True,50,104,True,50,104,Replogle,0,0
EIF2B4,True,100,324,True,50,324,Replogle,0,0
EIF2B5,True,200,461,True,50,461,Replogle,0,0
EIF2S1,True,100,243,True,50,243,Replogle,0,0
EIF2S2,True,50,120,True,50,120,Replogle,0,0
EIF3A,True,100,379,True,50,379,Replogle,0,0
EIF3D,True,50,186,True,50,186,Replogle,0,0
EIF3E,True,100,232,True,50,232,Replogle,0,0
EIF3H,True,100,369,True,50,369,Replogle,0,0
EIF3M,True,100,246,True,50,246,Replogle,0,0
EIF4E,True,100,357,True,50,357,Replogle,0,0
EIF4G1,True,100,372,True,50,372,Replogle,0,0
EIF4G2,True,100,342,True,50,342,Replogle,0,0
EIF5,True,50,175,True,50,175,Replogle,0,0
EIF5A,True,50,140,True,50,140,Replogle,0,0
EIF6,True,50,129,True,50,129,Replogle,0,0
ELOVL1,False,50,176,False,50,176,Replogle,1,1
ELP2,False,50,189,False,50,189,Replogle,1,1
ELP3,False,50,119,False,50,119,Replogle,1,1
ELP5,False,50,177,False,50,177,Replogle,1,1
EMC3,False,50,195,False,50,195,Replogle,1,1
EMC7,False,50,193,False,50,193,Replogle,1,1
ERAL1,False,50,116,False,50,116,Replogle,1,1
ERCC2,True,50,117,True,50,117,Replogle,0,0
ERCC3,True,50,163,True,50,163,Replogle,0,0
ERVW-1,False,50,175,False,50,175,Replogle,1,1
ESF1,True,50,149,True,50,149,Replogle,0,0
ESPL1,False,50,120,False,50,120,Replogle,1,1
ESPN,False,200,421,False,50,421,Replogle,1,1
EXOC1,False,50,182,False,50,182,Replogle,1,1
EXOC3,False,100,247,False,50,247,Replogle,1,1
EXOC4,False,50,108,False,50,108,Replogle,1,1
EXOC5,False,50,110,False,50,110,Replogle,1,1
EXOSC2,True,100,226,True,50,226,Replogle,0,0
EXOSC4,True,50,102,True,50,102,Replogle,0,0
EXOSC7,True,50,113,True,50,113,Replogle,0,0
EXOSC8,True,50,126,True,50,126,Replogle,0,0
FAF2,False,50,165,False,50,165,Replogle,1,1
FAM207A,False,50,103,False,50,103,Replogle,1,1
FAM229A,False,50,137,False,50,137,Replogle,1,1
FAM32A,True,100,396,True,50,396,Replogle,0,0
FAM72D,False,50,120,False,50,120,Replogle,1,1
FARSA,True,50,138,True,50,138,Replogle,0,0
FASTKD5,False,50,187,False,50,187,Replogle,1,1
FBL,True,50,132,True,50,132,Replogle,0,0
FBLIM1,False,50,133,False,50,133,Replogle,1,1
FBXO5,False,100,326,False,50,326,Replogle,1,1
FCF1,True,100,231,True,50,231,Replogle,0,0
FDXR,False,50,140,False,50,140,Replogle,1,1
FEN1,False,50,141,False,50,141,Replogle,1,1
FGFR1OP,False,50,119,False,50,119,Replogle,1,1
FNBP4,False,50,160,False,50,160,Replogle,1,1
FNTB,False,50,102,False,50,102,Replogle,1,1
FOLR3,True,100,304,False,50,304,Replogle,0,1
FOXL2,False,50,164,False,50,164,Replogle,1,1
FTSJ3,True,100,207,True,50,207,Replogle,0,0
FXN,False,50,174,False,50,174,Replogle,1,1
GAB2,True,200,674,True,50,674,Replogle,0,0
GABPA,False,50,110,False,50,110,Replogle,1,1
GAK,False,50,167,False,50,167,Replogle,1,1
GAPDH,False,50,183,False,50,183,Replogle,1,1
GAR1,False,50,146,False,50,146,Replogle,1,1
GARS,False,100,256,False,50,256,Replogle,1,1
GATA1,True,50,108,True,50,108,Replogle,0,0
GBF1,True,50,161,True,50,161,Replogle,0,0
GEMIN5,True,50,133,True,50,133,Replogle,0,0
GEMIN7,False,50,136,False,50,136,Replogle,1,1
GET3,False,50,121,False,50,121,Replogle,1,1
GFER,True,100,222,True,50,222,Replogle,0,0
GFM1,True,100,240,True,50,240,Replogle,0,0
GGPS1,False,50,167,False,50,167,Replogle,1,1
GINS1,True,50,186,True,50,186,Replogle,0,0
GINS2,True,50,148,True,50,148,Replogle,0,0
GINS3,True,50,100,True,50,100,Replogle,0,0
GIT2,False,50,107,False,50,107,Replogle,1,1
GLI4,False,50,156,False,50,156,Replogle,1,1
GLRX3,False,50,136,False,50,136,Replogle,1,1
GMPPB,False,50,164,False,50,164,Replogle,1,1
GMPS,True,50,123,True,50,123,Replogle,0,0
GNL2,True,100,351,True,50,351,Replogle,0,0
GNPNAT1,False,50,112,False,50,112,Replogle,1,1
GOLGA6L1,False,50,197,False,50,197,Replogle,1,1
GOLT1B,True,100,279,False,50,279,Replogle,0,1
GON4L,False,100,237,False,50,237,Replogle,1,1
GPKOW,True,50,107,True,50,107,Replogle,0,0
GPN3,True,100,276,True,50,276,Replogle,0,0
GPR61,False,50,112,False,50,112,Replogle,1,1
GPS1,True,200,431,True,50,431,Replogle,0,0
GRB2,False,50,169,False,50,169,Replogle,1,1
GRPEL1,True,50,123,True,50,123,Replogle,0,0
GRSF1,False,50,172,False,50,172,Replogle,1,1
GRWD1,False,50,189,False,50,189,Replogle,1,1
GSDMA,False,50,110,False,50,110,Replogle,1,1
GSPT1,True,50,108,True,50,108,Replogle,0,0
GTF2A1,True,50,113,True,50,113,Replogle,0,0
GTF2A2,True,50,173,True,50,173,Replogle,0,0
GTF2E1,True,50,181,True,50,181,Replogle,0,0
GTF2H1,True,200,434,True,50,434,Replogle,0,0
GTF2H2,False,50,156,False,50,156,Replogle,1,1
GTF2H2C,False,50,126,False,50,126,Replogle,1,1
GTF2H4,True,50,115,True,50,115,Replogle,0,0
GTF3C1,False,50,160,False,50,160,Replogle,1,1
GTF3C2,False,50,114,False,50,114,Replogle,1,1
GTF3C3,False,50,132,False,50,132,Replogle,1,1
GTF3C4,False,50,129,False,50,129,Replogle,1,1
GTF3C5,False,50,166,False,50,166,Replogle,1,1
GTF3C6,False,100,243,False,50,243,Replogle,1,1
GUCD1,True,100,279,True,50,279,Replogle,0,0
GUK1,False,50,118,False,50,118,Replogle,1,1
H2AFX,False,50,139,False,50,139,Replogle,1,1
H2AFZ,False,50,106,False,50,106,Replogle,1,1
H3F3A,False,100,237,False,50,237,Replogle,1,1
HAPLN2,False,50,121,False,50,121,Replogle,1,1
HARS,True,100,289,True,50,289,Replogle,0,0
HAUS3,False,50,164,False,50,164,Replogle,1,1
HAUS4,True,50,189,True,50,189,Replogle,0,0
HAUS5,True,50,160,True,50,160,Replogle,0,0
HAUS7,False,100,239,False,50,239,Replogle,1,1
HAUS8,False,50,122,False,50,122,Replogle,1,1
HBS1L,True,50,143,True,50,143,Replogle,0,0
HCRTR1,False,50,116,False,50,116,Replogle,1,1
HDAC7,True,50,171,True,50,171,Replogle,0,0
HEATR1,True,100,234,True,50,234,Replogle,0,0
HECTD1,False,50,130,False,50,130,Replogle,1,1
HINFP,True,50,160,True,50,160,Replogle,0,0
HIRA,False,100,341,False,50,341,Replogle,1,1
HIST1H2AE,False,50,123,False,50,123,Replogle,1,1
HIST1H2BB,False,50,135,False,50,135,Replogle,1,1
HIST1H2BL,False,100,204,False,50,204,Replogle,1,1
HIST1H2BM,False,50,156,False,50,156,Replogle,1,1
HIST1H2BN,False,50,107,False,50,107,Replogle,1,1
HIST2H2BF,False,50,127,False,50,127,Replogle,1,1
HIST2H3D,False,50,185,False,50,185,Replogle,1,1
HJURP,False,50,111,False,50,111,Replogle,1,1
HMGA1,False,50,114,False,50,114,Replogle,1,1
HMGB1,False,100,241,False,50,241,Replogle,1,1
HMGCR,False,50,166,False,50,166,Replogle,1,1
HMGCS1,True,100,230,True,50,230,Replogle,0,0
HMGN2,False,50,107,False,50,107,Replogle,1,1
HNRNPC,True,100,334,True,50,334,Replogle,0,0
HNRNPH1,True,50,160,True,50,160,Replogle,0,0
HNRNPM,False,100,258,False,50,258,Replogle,1,1
HNRNPR,False,50,149,False,50,149,Replogle,1,1
HS6ST1,False,50,172,False,50,172,Replogle,1,1
HSD17B12,True,50,142,True,50,142,Replogle,0,0
HSF1,True,50,131,True,50,131,Replogle,0,0
HSP90B1,False,50,114,False,50,114,Replogle,1,1
HSPA14,False,50,120,False,50,120,Replogle,1,1
HSPA5,True,200,438,True,50,438,Replogle,0,0
HSPA8,True,100,255,True,50,255,Replogle,0,0
HSPA9,True,200,420,True,50,420,Replogle,0,0
HSPD1,False,50,145,False,50,145,Replogle,1,1
HUS1,False,100,201,False,50,201,Replogle,1,1
HYPK,True,50,121,True,50,121,Replogle,0,0
IARS2,True,100,216,True,50,216,Replogle,0,0
ICE1,True,200,429,True,50,429,Replogle,0,0
IFITM2,False,50,150,False,50,150,Replogle,1,1
IGBP1,True,100,281,True,50,281,Replogle,0,0
IK,True,100,289,False,50,289,Replogle,0,1
ILF3,True,50,138,True,50,138,Replogle,0,0
IMP4,True,50,164,True,50,164,Replogle,0,0
INO80,True,50,151,True,50,151,Replogle,0,0
INO80B,False,50,116,False,50,116,Replogle,1,1
INTS1,True,100,211,False,50,211,Replogle,0,1
INTS2,True,100,354,True,50,354,Replogle,0,0
INTS3,True,50,106,True,50,106,Replogle,0,0
INTS6,False,50,146,False,50,146,Replogle,1,1
INTS8,True,100,323,True,50,323,Replogle,0,0
INTS9,True,100,229,True,50,229,Replogle,0,0
IPO9,False,50,187,False,50,187,Replogle,1,1
ISCA2,False,100,232,False,50,232,Replogle,1,1
JAZF1,False,100,209,False,50,209,Replogle,1,1
JMJD6,False,50,193,False,50,193,Replogle,1,1
KANSL2,True,50,158,True,50,158,Replogle,0,0
KANSL3,True,50,187,True,50,187,Replogle,0,0
KAT5,False,50,118,False,50,118,Replogle,1,1
KAT8,True,100,287,True,50,287,Replogle,0,0
KATNB1,False,50,178,False,50,178,Replogle,1,1
KCMF1,False,50,154,False,50,154,Replogle,1,1
KCNA10,False,50,147,False,50,147,Replogle,1,1
KDM2A,False,50,117,False,50,117,Replogle,1,1
KIAA1143,False,50,198,False,50,198,Replogle,1,1
KIF11,False,400,974,False,50,974,Replogle,1,1
KIF14,False,50,118,False,50,118,Replogle,1,1
KIF18B,False,50,122,False,50,122,Replogle,1,1
KIF4A,False,50,129,False,50,129,Replogle,1,1
KIN,True,50,160,True,50,160,Replogle,0,0
KLC2,False,50,127,False,50,127,Replogle,1,1
KLF7,False,50,173,False,50,173,Replogle,1,1
KLHL11,False,50,125,False,50,125,Replogle,1,1
KPNB1,True,100,366,True,50,366,Replogle,0,0
KRR1,True,200,449,True,50,449,Replogle,0,0
KRT10,False,50,182,False,50,182,Replogle,1,1
KRT8,False,100,347,False,50,347,Replogle,1,1
KRTAP4-2,False,50,132,False,50,132,Replogle,1,1
KRTAP4-7,False,50,168,False,50,168,Replogle,1,1
KXD1,False,50,101,False,50,101,Replogle,1,1
LAMTOR4,False,50,136,False,50,136,Replogle,1,1
LARS,True,50,100,True,50,100,Replogle,0,0
LARS2,False,50,149,False,50,149,Replogle,1,1
LCE1C,False,50,157,False,50,157,Replogle,1,1
LCE1E,False,50,123,False,50,123,Replogle,1,1
LENG8,False,50,121,False,50,121,Replogle,1,1
LETM1,True,50,124,True,50,124,Replogle,0,0
LIMS1,False,100,287,False,50,287,Replogle,1,1
LIN54,False,100,306,False,50,306,Replogle,1,1
LONP1,True,50,128,True,50,128,Replogle,0,0
LPA,False,50,119,False,50,119,Replogle,1,1
LRPPRC,True,50,110,True,50,110,Replogle,0,0
LRR1,False,50,122,False,50,122,Replogle,1,1
LRRC37A3,False,50,114,False,50,114,Replogle,1,1
LRRC37B,False,50,109,False,50,109,Replogle,1,1
LSG1,True,50,116,True,50,116,Replogle,0,0
LSM10,True,50,135,True,50,135,Replogle,0,0
LSM11,True,50,130,True,50,130,Replogle,0,0
LSM2,True,100,357,True,50,357,Replogle,0,0
LSM5,True,100,202,False,50,202,Replogle,0,1
LSM6,True,200,461,True,50,461,Replogle,0,0
LSM7,True,50,140,True,50,140,Replogle,0,0
LST1,False,50,149,False,50,149,Replogle,1,1
LTB4R2,False,50,188,False,50,188,Replogle,1,1
LTBP3,False,50,157,False,50,157,Replogle,1,1
LTV1,True,100,318,True,50,318,Replogle,0,0
MAD2L1,True,50,154,True,50,154,Replogle,0,0
MAD2L2,False,100,200,False,50,200,Replogle,1,1
MAGOH,True,100,242,True,50,242,Replogle,0,0
MAK16,True,100,213,True,50,213,Replogle,0,0
MANF,False,50,142,False,50,142,Replogle,1,1
MASTL,False,50,112,False,50,112,Replogle,1,1
MAX,True,50,180,True,50,180,Replogle,0,0
MBTPS2,True,100,214,False,50,214,Replogle,0,1
MCM10,True,100,219,True,50,219,Replogle,0,0
MCM2,True,50,123,True,50,123,Replogle,0,0
MCM3,True,50,124,True,50,124,Replogle,0,0
MCM3AP,True,50,105,True,50,105,Replogle,0,0
MCM6,True,50,102,True,50,102,Replogle,0,0
MCM7,False,50,160,False,50,160,Replogle,1,1
MCMBP,True,50,145,True,50,145,Replogle,0,0
MED1,True,100,254,True,50,254,Replogle,0,0
MED10,True,200,516,True,50,516,Replogle,0,0
MED11,True,100,237,True,50,237,Replogle,0,0
MED12,True,200,573,True,50,573,Replogle,0,0
MED14,True,50,117,True,50,117,Replogle,0,0
MED17,True,50,151,True,50,151,Replogle,0,0
MED19,True,200,544,True,50,544,Replogle,0,0
MED22,True,100,289,True,50,289,Replogle,0,0
MED26,True,50,105,True,50,105,Replogle,0,0
MED30,True,100,288,True,50,288,Replogle,0,0
MED6,True,100,246,True,50,246,Replogle,0,0
MED7,True,100,272,True,50,272,Replogle,0,0
MED8,True,50,112,True,50,112,Replogle,0,0
MED9,True,50,119,True,50,119,Replogle,0,0
MEPCE,False,50,127,False,50,127,Replogle,1,1
METAP1,False,50,102,False,50,102,Replogle,1,1
METAP2,True,50,161,True,50,161,Replogle,0,0
METTL1,False,100,208,False,50,208,Replogle,1,1
METTL14,False,50,121,False,50,121,Replogle,1,1
METTL17,False,50,122,False,50,122,Replogle,1,1
METTL23,False,50,114,False,50,114,Replogle,1,1
METTL3,False,50,138,False,50,138,Replogle,1,1
MEX3A,False,50,171,False,50,171,Replogle,1,1
MFAP1,True,50,197,True,50,197,Replogle,0,0
MFN2,False,50,135,False,50,135,Replogle,1,1
MIOS,False,50,163,False,50,163,Replogle,1,1
MIS18A,False,50,129,False,50,129,Replogle,1,1
MIS18BP1,False,50,107,False,50,107,Replogle,1,1
MKRN1,False,50,160,False,50,160,Replogle,1,1
MMGT1,False,50,183,False,50,183,Replogle,1,1
MMS19,False,50,129,False,50,129,Replogle,1,1
MOB4,True,50,118,True,50,118,Replogle,0,0
MOCS3,False,50,118,False,50,118,Replogle,1,1
MOG,False,50,124,False,50,124,Replogle,1,1
MOK,False,50,123,False,50,123,Replogle,1,1
MRPL1,False,50,165,False,50,165,Replogle,1,1
MRPL10,True,50,102,True,50,102,Replogle,0,0
MRPL14,True,100,211,False,50,211,Replogle,0,1
MRPL18,True,50,180,True,50,180,Replogle,0,0
MRPL19,True,50,192,True,50,192,Replogle,0,0
MRPL2,True,50,147,True,50,147,Replogle,0,0
MRPL20,False,50,120,False,50,120,Replogle,1,1
MRPL24,True,50,193,True,50,193,Replogle,0,0
MRPL27,True,50,102,True,50,102,Replogle,0,0
MRPL3,True,50,175,True,50,175,Replogle,0,0
MRPL33,True,50,150,True,50,150,Replogle,0,0
MRPL35,True,50,171,True,50,171,Replogle,0,0
MRPL36,True,50,189,True,50,189,Replogle,0,0
MRPL37,True,50,116,True,50,116,Replogle,0,0
MRPL38,False,50,155,False,50,155,Replogle,1,1
MRPL39,True,50,154,True,50,154,Replogle,0,0
MRPL4,False,50,125,False,50,125,Replogle,1,1
MRPL45,False,50,179,False,50,179,Replogle,1,1
MRPL50,True,50,171,True,50,171,Replogle,0,0
MRPL51,True,50,111,True,50,111,Replogle,0,0
MRPL53,False,50,153,False,50,153,Replogle,1,1
MRPL54,False,50,142,False,50,142,Replogle,1,1
MRPL55,True,50,170,True,50,170,Replogle,0,0
MRPL9,False,50,121,False,50,121,Replogle,1,1
MRPS10,True,50,121,True,50,121,Replogle,0,0
MRPS18A,True,50,121,True,50,121,Replogle,0,0
MRPS2,False,50,109,False,50,109,Replogle,1,1
MRPS21,False,50,146,False,50,146,Replogle,1,1
MRPS22,False,50,165,False,50,165,Replogle,1,1
MRPS23,False,50,119,False,50,119,Replogle,1,1
MRPS24,False,50,145,False,50,145,Replogle,1,1
MRPS26,False,50,120,False,50,120,Replogle,1,1
MRPS28,False,50,158,False,50,158,Replogle,1,1
MRPS31,False,50,107,False,50,107,Replogle,1,1
MRPS34,True,50,141,True,50,141,Replogle,0,0
MRPS35,True,100,201,True,50,201,Replogle,0,0
MRPS6,False,50,152,False,50,152,Replogle,1,1
MRPS7,False,50,123,False,50,123,Replogle,1,1
MSRB1,False,100,205,False,50,205,Replogle,1,1
MST1,False,50,134,False,50,134,Replogle,1,1
MSTO1,False,50,100,False,50,100,Replogle,1,1
MT2A,False,50,112,False,50,112,Replogle,1,1
MTBP,True,50,191,True,50,191,Replogle,0,0
MTG2,False,50,146,False,50,146,Replogle,1,1
MTOR,True,50,101,True,50,101,Replogle,0,0
MVD,True,50,104,True,50,104,Replogle,0,0
MVK,False,50,136,False,50,136,Replogle,1,1
MYBBP1A,True,50,109,True,50,109,Replogle,0,0
MYBL2,True,50,106,True,50,106,Replogle,0,0
MYCBP,False,100,208,False,50,208,Replogle,1,1
MYO1H,False,50,124,False,50,124,Replogle,1,1
MZF1,False,50,128,False,50,128,Replogle,1,1
MZT1,True,200,455,True,50,455,Replogle,0,0
N6AMT1,False,50,138,False,50,138,Replogle,1,1
NAA10,False,50,137,False,50,137,Replogle,1,1
NAA15,True,50,128,True,50,128,Replogle,0,0
NAA20,True,50,182,True,50,182,Replogle,0,0
NAA25,True,50,176,True,50,176,Replogle,0,0
NAA35,False,50,193,False,50,193,Replogle,1,1
NAA38,True,100,368,True,50,368,Replogle,0,0
NAA50,False,50,108,False,50,108,Replogle,1,1
NACA,True,100,354,True,50,354,Replogle,0,0
NAGLU,False,100,265,False,50,265,Replogle,1,1
NANOG,False,50,125,False,50,125,Replogle,1,1
NARS,True,50,172,True,50,172,Replogle,0,0
NASP,False,50,184,False,50,184,Replogle,1,1
NBAS,False,50,107,False,50,107,Replogle,1,1
NBPF12,False,50,150,False,50,150,Replogle,1,1
NBPF3,False,50,133,False,50,133,Replogle,1,1
NCAPH2,False,50,143,False,50,143,Replogle,1,1
NCBP2,True,400,992,True,50,992,Replogle,0,0
NCL,True,100,298,False,50,298,Replogle,0,1
NCOA4,False,50,134,False,50,134,Replogle,1,1
NDC80,True,100,214,True,50,214,Replogle,0,0
NDUFA2,True,50,187,True,50,187,Replogle,0,0
NDUFA6,False,50,169,False,50,169,Replogle,1,1
NDUFA8,False,50,109,False,50,109,Replogle,1,1
NDUFAB1,True,50,160,True,50,160,Replogle,0,0
NDUFB10,False,50,154,False,50,154,Replogle,1,1
NDUFB3,False,50,141,False,50,141,Replogle,1,1
NDUFB4,False,50,166,False,50,166,Replogle,1,1
NDUFB6,False,50,190,False,50,190,Replogle,1,1
NDUFB8,False,50,193,False,50,193,Replogle,1,1
NDUFS3,False,50,112,False,50,112,Replogle,1,1
NDUFS5,False,50,195,False,50,195,Replogle,1,1
NEDD1,True,50,142,True,50,142,Replogle,0,0
NEDD8,True,50,197,True,50,197,Replogle,0,0
NELFB,True,50,140,True,50,140,Replogle,0,0
NELFCD,True,100,201,True,50,201,Replogle,0,0
NFATC2IP,False,50,118,False,50,118,Replogle,1,1
NFRKB,True,100,228,True,50,228,Replogle,0,0
NIFK,True,100,240,True,50,240,Replogle,0,0
NIP7,True,100,279,True,50,279,Replogle,0,0
NISCH,False,50,144,False,50,144,Replogle,1,1
NKAP,True,50,123,True,50,123,Replogle,0,0
NLE1,True,200,413,True,50,413,Replogle,0,0
NOL11,True,100,271,True,50,271,Replogle,0,0
NOL6,True,50,114,True,50,114,Replogle,0,0
NOLC1,False,50,119,False,50,119,Replogle,1,1
NOMO3,False,50,191,False,50,191,Replogle,1,1
NOP10,True,50,147,True,50,147,Replogle,0,0
NOP16,True,50,149,True,50,149,Replogle,0,0
NPB,False,50,196,False,50,196,Replogle,1,1
NPEPPS,False,50,153,False,50,153,Replogle,1,1
NRDE2,True,200,504,True,50,504,Replogle,0,0
NSA2,True,50,114,True,50,114,Replogle,0,0
NSF,False,50,165,False,50,165,Replogle,1,1
NSMCE2,False,50,118,False,50,118,Replogle,1,1
NSRP1,True,100,237,True,50,237,Replogle,0,0
NSUN4,False,50,156,False,50,156,Replogle,1,1
NUBP1,False,50,152,False,50,152,Replogle,1,1
NUBP2,False,50,153,False,50,153,Replogle,1,1
NUDC,False,50,117,False,50,117,Replogle,1,1
NUDCD3,False,50,112,False,50,112,Replogle,1,1
NUF2,True,200,503,False,50,503,Replogle,0,1
NUMA1,True,100,284,True,50,284,Replogle,0,0
NUP107,True,100,316,True,50,316,Replogle,0,0
NUP160,True,100,291,True,50,291,Replogle,0,0
NUP205,False,200,735,False,50,735,Replogle,1,1
NUP214,False,50,132,False,50,132,Replogle,1,1
NUP54,True,100,291,True,50,291,Replogle,0,0
NUP85,True,50,111,True,50,111,Replogle,0,0
NUP93,False,50,159,False,50,159,Replogle,1,1
NUP98,True,200,510,True,50,510,Replogle,0,0
NUS1,False,50,125,False,50,125,Replogle,1,1
NVL,True,50,110,True,50,110,Replogle,0,0
NXF1,False,100,251,False,50,251,Replogle,1,1
OGFOD1,True,50,114,True,50,114,Replogle,0,0
OIP5,False,50,137,False,50,137,Replogle,1,1
OLFML3,False,50,173,False,50,173,Replogle,1,1
OR1D2,False,50,125,False,50,125,Replogle,1,1
OR2A1,False,50,188,False,50,188,Replogle,1,1
OR2T29,False,50,103,False,50,103,Replogle,1,1
OR2T5,False,50,106,False,50,106,Replogle,1,1
OR4N2,False,50,118,False,50,118,Replogle,1,1
OR7A17,False,50,108,False,50,108,Replogle,1,1
ORC1,True,200,530,True,50,530,Replogle,0,0
ORC3,False,50,181,False,50,181,Replogle,1,1
OSTC,False,100,235,False,50,235,Replogle,1,1
OTOP1,False,50,105,False,50,105,Replogle,1,1
OTX1,False,50,108,False,50,108,Replogle,1,1
OXA1L,True,100,344,True,50,344,Replogle,0,0
PABPN1,True,50,148,True,50,148,Replogle,0,0
PAF1,True,100,238,True,50,238,Replogle,0,0
PAFAH1B1,False,50,126,False,50,126,Replogle,1,1
PARN,False,50,123,False,50,123,Replogle,1,1
PAXBP1,True,50,129,True,50,129,Replogle,0,0
PC,False,100,225,False,50,225,Replogle,1,1
PCBP1,True,50,108,True,50,108,Replogle,0,0
PCBP2,False,50,172,False,50,172,Replogle,1,1
PCF11,True,200,499,True,50,499,Replogle,0,0
PCID2,False,100,307,False,50,307,Replogle,1,1
PCNA,True,50,132,True,50,132,Replogle,0,0
PDCD5,False,50,194,False,50,194,Replogle,1,1
PDCD6,False,100,203,False,50,203,Replogle,1,1
PDCD6IP,False,100,257,False,50,257,Replogle,1,1
PDRG1,True,50,116,True,50,116,Replogle,0,0
PELO,True,100,286,True,50,286,Replogle,0,0
PFDN5,False,50,110,False,50,110,Replogle,1,1
PFDN6,False,50,115,False,50,115,Replogle,1,1
PFN1,False,100,259,False,50,259,Replogle,1,1
PGAM1,True,50,160,True,50,160,Replogle,0,0
PGD,True,50,115,True,50,115,Replogle,0,0
PGS1,False,50,104,False,50,104,Replogle,1,1
PHAX,True,200,412,True,50,412,Replogle,0,0
PHB,True,100,256,True,50,256,Replogle,0,0
PHB2,True,200,415,True,50,415,Replogle,0,0
PHF12,False,50,110,False,50,110,Replogle,1,1
PHF5A,True,100,231,True,50,231,Replogle,0,0
PI4KA,False,50,109,False,50,109,Replogle,1,1
PIAS4,True,100,206,True,50,206,Replogle,0,0
PIK3C3,False,50,115,False,50,115,Replogle,1,1
PKM,False,50,149,False,50,149,Replogle,1,1
PLA2G10,False,100,202,False,50,202,Replogle,1,1
PLEKHN1,False,50,104,False,50,104,Replogle,1,1
PMF1,True,100,265,True,50,265,Replogle,0,0
PMPCA,True,50,140,True,50,140,Replogle,0,0
PMPCB,True,200,553,True,50,553,Replogle,0,0
PNISR,False,50,196,False,50,196,Replogle,1,1
PNKP,False,50,185,False,50,185,Replogle,1,1
PNO1,True,50,134,True,50,134,Replogle,0,0
PNPT1,True,50,131,True,50,131,Replogle,0,0
POLA1,True,100,230,True,50,230,Replogle,0,0
POLA2,True,100,234,True,50,234,Replogle,0,0
POLD1,True,100,212,True,50,212,Replogle,0,0
POLE,True,50,168,True,50,168,Replogle,0,0
POLG2,False,50,156,False,50,156,Replogle,1,1
POLR1A,True,50,127,True,50,127,Replogle,0,0
POLR1B,True,50,181,True,50,181,Replogle,0,0
POLR1C,True,50,187,True,50,187,Replogle,0,0
POLR1E,True,100,209,True,50,209,Replogle,0,0
POLR2A,True,200,410,True,50,410,Replogle,0,0
POLR2B,True,100,320,True,50,320,Replogle,0,0
POLR2C,True,50,185,True,50,185,Replogle,0,0
POLR2D,True,100,281,True,50,281,Replogle,0,0
POLR2E,True,100,225,False,50,225,Replogle,0,1
POLR2F,True,100,337,True,50,337,Replogle,0,0
POLR2G,True,50,155,True,50,155,Replogle,0,0
POLR2H,True,50,102,True,50,102,Replogle,0,0
POLR2I,True,100,223,True,50,223,Replogle,0,0
POLR3B,True,50,113,True,50,113,Replogle,0,0
POLR3C,False,50,175,False,50,175,Replogle,1,1
POLR3D,False,50,118,False,50,118,Replogle,1,1
POLR3E,True,100,221,False,50,221,Replogle,0,1
POLR3F,True,50,165,True,50,165,Replogle,0,0
POLR3H,False,50,109,False,50,109,Replogle,1,1
POLR3K,False,50,108,False,50,108,Replogle,1,1
POLRMT,True,100,214,True,50,214,Replogle,0,0
POP4,True,50,128,True,50,128,Replogle,0,0
POP7,False,100,218,False,50,218,Replogle,1,1
POTEI,False,50,126,False,50,126,Replogle,1,1
PPA1,False,50,143,False,50,143,Replogle,1,1
PPAN,True,50,103,True,50,103,Replogle,0,0
PPARGC1B,False,50,142,False,50,142,Replogle,1,1
PPIA,False,50,158,False,50,158,Replogle,1,1
PPIH,False,50,114,False,50,114,Replogle,1,1
PPIL2,False,50,130,False,50,130,Replogle,1,1
PPME1,False,100,222,False,50,222,Replogle,1,1
PPP1CA,False,100,248,False,50,248,Replogle,1,1
PPP1CB,False,50,160,False,50,160,Replogle,1,1
PPP1R12A,False,50,179,False,50,179,Replogle,1,1
PPP1R15B,False,50,135,False,50,135,Replogle,1,1
PPP2CA,False,50,184,False,50,184,Replogle,1,1
PPP2R1A,False,200,455,False,50,455,Replogle,1,1
PPP4C,True,50,171,True,50,171,Replogle,0,0
PPP4R2,True,50,187,True,50,187,Replogle,0,0
PPP6C,False,50,114,False,50,114,Replogle,1,1
PPRC1,True,50,122,True,50,122,Replogle,0,0
PRC1,False,50,187,False,50,187,Replogle,1,1
PRELID1,True,50,152,True,50,152,Replogle,0,0
PRELID3B,True,100,273,True,50,273,Replogle,0,0
PRIM1,True,50,181,True,50,181,Replogle,0,0
PRIM2,True,50,156,True,50,156,Replogle,0,0
PRKRIP1,False,50,182,False,50,182,Replogle,1,1
PRMT5,False,50,127,False,50,127,Replogle,1,1
PRODH,False,100,379,False,50,379,Replogle,1,1
PRPF18,True,100,268,True,50,268,Replogle,0,0
PRPF19,True,50,112,True,50,112,Replogle,0,0
PRPF3,True,50,143,True,50,143,Replogle,0,0
PRPF4,True,50,117,True,50,117,Replogle,0,0
PRPF40A,True,50,118,True,50,118,Replogle,0,0
PRPF4B,True,100,208,True,50,208,Replogle,0,0
PRPF6,True,100,232,True,50,232,Replogle,0,0
PRPF8,True,50,150,True,50,150,Replogle,0,0
PSMA1,True,50,170,True,50,170,Replogle,0,0
PSMA3,True,100,372,True,50,372,Replogle,0,0
PSMA4,True,100,388,True,50,388,Replogle,0,0
PSMB1,True,50,143,True,50,143,Replogle,0,0
PSMB4,False,50,101,False,50,101,Replogle,1,1
PSMB5,True,100,270,True,50,270,Replogle,0,0
PSMB6,True,100,200,True,50,200,Replogle,0,0
PSMB7,True,200,404,True,50,404,Replogle,0,0
PSMC1,True,100,316,True,50,316,Replogle,0,0
PSMC2,True,200,432,True,50,432,Replogle,0,0
PSMC4,True,100,242,True,50,242,Replogle,0,0
PSMC6,True,50,151,True,50,151,Replogle,0,0
PSMD1,True,100,281,True,50,281,Replogle,0,0
PSMD12,True,100,265,True,50,265,Replogle,0,0
PSMD13,True,50,122,True,50,122,Replogle,0,0
PSMD4,True,100,352,True,50,352,Replogle,0,0
PSMD6,True,200,555,True,50,555,Replogle,0,0
PSMD7,True,100,373,True,50,373,Replogle,0,0
PSME1,True,50,121,True,50,121,Replogle,0,0
PSME2,False,50,151,False,50,151,Replogle,1,1
PSMG1,False,50,109,False,50,109,Replogle,1,1
PSMG2,False,50,164,False,50,164,Replogle,1,1
PSMG3,False,200,439,False,50,439,Replogle,1,1
PSTK,False,100,379,False,50,379,Replogle,1,1
PTBP1,True,50,152,True,50,152,Replogle,0,0
PTCD1,True,100,267,True,50,267,Replogle,0,0
PTK2,False,50,144,False,50,144,Replogle,1,1
PTMA,False,50,152,False,50,152,Replogle,1,1
PTPMT1,False,50,183,False,50,183,Replogle,1,1
PTPN23,False,50,140,False,50,140,Replogle,1,1
PXN,False,50,161,False,50,161,Replogle,1,1
PYROXD1,False,50,100,False,50,100,Replogle,1,1
QARS,True,200,400,True,50,400,Replogle,0,0
QRSL1,False,50,126,False,50,126,Replogle,1,1
RAB4A,False,100,303,False,50,303,Replogle,1,1
RABGGTA,False,50,116,False,50,116,Replogle,1,1
RABGGTB,False,50,169,False,50,169,Replogle,1,1
RAC1,False,50,194,False,50,194,Replogle,1,1
RAC3,False,100,220,False,50,220,Replogle,1,1
RACGAP1,False,50,175,False,50,175,Replogle,1,1
RAD17,False,50,129,False,50,129,Replogle,1,1
RAD21,True,50,117,True,50,117,Replogle,0,0
RAD51,True,100,241,True,50,241,Replogle,0,0
RAD51D,False,50,142,False,50,142,Replogle,1,1
RAN,False,50,193,False,50,193,Replogle,1,1
RANGAP1,True,50,130,True,50,130,Replogle,0,0
RARS,True,200,404,True,50,404,Replogle,0,0
RARS2,True,50,148,True,50,148,Replogle,0,0
RBBP8,True,50,117,True,50,117,Replogle,0,0
RBM10,False,50,130,False,50,130,Replogle,1,1
RBM14,True,100,228,True,50,228,Replogle,0,0
RBM4,True,100,221,False,50,221,Replogle,0,1
RBMX,True,50,147,True,50,147,Replogle,0,0
RBMX2,True,100,244,True,50,244,Replogle,0,0
RCC1,True,100,226,False,50,226,Replogle,0,1
RCL1,True,50,106,True,50,106,Replogle,0,0
REV3L,False,50,101,False,50,101,Replogle,1,1
RFC1,True,50,149,True,50,149,Replogle,0,0
RFC3,True,100,229,True,50,229,Replogle,0,0
RFC5,True,50,111,True,50,111,Replogle,0,0
RFT1,False,50,121,False,50,121,Replogle,1,1
RGP1,False,50,130,False,50,130,Replogle,1,1
RGPD6,False,100,202,False,50,202,Replogle,1,1
RHOQ,False,50,185,False,50,185,Replogle,1,1
RHPN1,False,100,225,False,50,225,Replogle,1,1
RINT1,True,50,145,True,50,145,Replogle,0,0
RIOK1,True,100,326,True,50,326,Replogle,0,0
RIOK2,True,50,174,True,50,174,Replogle,0,0
RMI1,False,100,203,False,50,203,Replogle,1,1
RNASEH2C,False,50,102,False,50,102,Replogle,1,1
RNF103,False,50,111,False,50,111,Replogle,1,1
RNF113A,True,50,176,True,50,176,Replogle,0,0
RNF123,False,50,111,False,50,111,Replogle,1,1
RNF14,False,100,240,False,50,240,Replogle,1,1
RNF20,True,50,124,True,50,124,Replogle,0,0
RNF40,True,50,198,True,50,198,Replogle,0,0
RNF8,False,50,176,False,50,176,Replogle,1,1
RNGTT,True,50,115,True,50,115,Replogle,0,0
RNMT,True,50,114,True,50,114,Replogle,0,0
RNPS1,True,50,131,True,50,131,Replogle,0,0
RPA1,True,200,469,False,50,469,Replogle,0,1
RPA2,True,100,225,True,50,225,Replogle,0,0
RPA3,True,100,208,True,50,208,Replogle,0,0
RPAIN,False,50,108,False,50,108,Replogle,1,1
RPAP2,True,100,398,True,50,398,Replogle,0,0
RPE,False,50,118,False,50,118,Replogle,1,1
RPF1,True,50,125,True,50,125,Replogle,0,0
RPL10,True,100,276,True,50,276,Replogle,0,0
RPL10A,True,100,257,True,50,257,Replogle,0,0
RPL11,True,100,387,True,50,387,Replogle,0,0
RPL12,True,100,255,True,50,255,Replogle,0,0
RPL13,True,100,337,True,50,337,Replogle,0,0
RPL13A,False,50,158,False,50,158,Replogle,1,1
RPL14,True,100,220,True,50,220,Replogle,0,0
RPL15,True,50,168,True,50,168,Replogle,0,0
RPL17,True,50,149,True,50,149,Replogle,0,0
RPL18,True,100,308,True,50,308,Replogle,0,0
RPL19,True,100,238,True,50,238,Replogle,0,0
RPL21,True,100,262,True,50,262,Replogle,0,0
RPL23,True,100,398,True,50,398,Replogle,0,0
RPL24,True,200,460,True,50,460,Replogle,0,0
RPL26,True,100,209,True,50,209,Replogle,0,0
RPL26L1,False,50,148,False,50,148,Replogle,1,1
RPL27A,True,100,202,True,50,202,Replogle,0,0
RPL3,True,800,1996,False,50,1996,Replogle,0,1
RPL30,True,100,365,True,50,365,Replogle,0,0
RPL31,True,100,294,True,50,294,Replogle,0,0
RPL32,True,100,208,True,50,208,Replogle,0,0
RPL34,True,100,330,True,50,330,Replogle,0,0
RPL35A,True,50,137,True,50,137,Replogle,0,0
RPL36,True,100,204,True,50,204,Replogle,0,0
RPL36AL,False,50,152,False,50,152,Replogle,1,1
RPL37,True,100,382,True,50,382,Replogle,0,0
RPL37A,True,100,386,True,50,386,Replogle,0,0
RPL38,True,50,184,True,50,184,Replogle,0,0
RPL4,True,100,345,True,50,345,Replogle,0,0
RPL5,True,100,200,True,50,200,Replogle,0,0
RPL6,True,100,273,True,50,273,Replogle,0,0
RPL7,True,100,301,True,50,301,Replogle,0,0
RPL8,True,100,384,True,50,384,Replogle,0,0
RPL9,True,100,242,True,50,242,Replogle,0,0
RPLP0,True,50,184,True,50,184,Replogle,0,0
RPLP1,True,50,117,True,50,117,Replogle,0,0
RPLP2,True,100,222,True,50,222,Replogle,0,0
RPN2,False,50,105,False,50,105,Replogle,1,1
RPP30,True,50,101,True,50,101,Replogle,0,0
RPS10,True,50,106,True,50,106,Replogle,0,0
RPS10-NUDT3,True,50,164,True,50,164,Replogle,0,0
RPS11,True,100,268,True,50,268,Replogle,0,0
RPS12,True,200,485,True,50,485,Replogle,0,0
RPS13,True,50,135,True,50,135,Replogle,0,0
RPS14,True,50,181,True,50,181,Replogle,0,0
RPS15A,True,100,314,True,50,314,Replogle,0,0
RPS17,True,100,223,True,50,223,Replogle,0,0
RPS18,True,50,122,True,50,122,Replogle,0,0
RPS19,True,200,422,True,50,422,Replogle,0,0
RPS20,True,100,273,True,50,273,Replogle,0,0
RPS23,True,50,114,True,50,114,Replogle,0,0
RPS24,True,100,243,True,50,243,Replogle,0,0
RPS27,True,50,174,True,50,174,Replogle,0,0
RPS28,True,100,309,True,50,309,Replogle,0,0
RPS29,True,200,403,True,50,403,Replogle,0,0
RPS3,True,100,276,True,50,276,Replogle,0,0
RPS3A,True,50,160,True,50,160,Replogle,0,0
RPS4X,True,50,180,True,50,180,Replogle,0,0
RPS5,True,50,144,True,50,144,Replogle,0,0
RPS6,True,50,178,True,50,178,Replogle,0,0
RPS7,True,100,265,True,50,265,Replogle,0,0
RPS9,True,100,276,True,50,276,Replogle,0,0
RPSA,True,100,224,True,50,224,Replogle,0,0
RPUSD3,False,50,164,False,50,164,Replogle,1,1
RPUSD4,False,50,126,False,50,126,Replogle,1,1
RRM1,True,50,103,True,50,103,Replogle,0,0
RRM2,True,200,577,False,50,577,Replogle,0,1
RRP1,True,50,109,True,50,109,Replogle,0,0
RRP12,True,100,204,True,50,204,Replogle,0,0
RRP9,True,50,110,True,50,110,Replogle,0,0
RSL1D1,True,100,211,False,50,211,Replogle,0,1
RSL24D1,True,50,179,True,50,179,Replogle,0,0
RTCB,False,50,171,False,50,171,Replogle,1,1
RTEL1,False,50,140,False,50,140,Replogle,1,1
RTTN,False,50,125,False,50,125,Replogle,1,1
RUVBL1,True,100,211,True,50,211,Replogle,0,0
SACM1L,False,50,193,False,50,193,Replogle,1,1
SAE1,True,50,121,True,50,121,Replogle,0,0
SAMM50,True,50,102,True,50,102,Replogle,0,0
SAP130,False,50,113,False,50,113,Replogle,1,1
SARS2,False,50,163,False,50,163,Replogle,1,1
SART1,True,100,306,True,50,306,Replogle,0,0
SART3,True,50,154,True,50,154,Replogle,0,0
SBNO1,False,50,183,False,50,183,Replogle,1,1
SCAF1,True,50,174,True,50,174,Replogle,0,0
SCAP,False,50,140,False,50,140,Replogle,1,1
SCFD1,False,50,152,False,50,152,Replogle,1,1
SCNM1,False,50,101,False,50,101,Replogle,1,1
SDAD1,True,100,240,True,50,240,Replogle,0,0
SDC1,False,50,170,False,50,170,Replogle,1,1
SDE2,False,50,151,False,50,151,Replogle,1,1
SDHAF2,False,50,126,False,50,126,Replogle,1,1
SDHC,False,50,104,False,50,104,Replogle,1,1
SEC16A,False,50,153,False,50,153,Replogle,1,1
SEC61A1,True,50,180,True,50,180,Replogle,0,0
SEPHS2,False,50,158,False,50,158,Replogle,1,1
SERBP1,False,50,109,False,50,109,Replogle,1,1
SETD2,False,50,109,False,50,109,Replogle,1,1
SETDB1,True,50,124,True,50,124,Replogle,0,0
SF3A1,False,100,332,False,50,332,Replogle,1,1
SF3A2,True,100,321,True,50,321,Replogle,0,0
SF3B1,False,50,165,False,50,165,Replogle,1,1
SF3B2,True,200,500,True,50,500,Replogle,0,0
SF3B3,True,100,381,True,50,381,Replogle,0,0
SF3B4,True,100,238,True,50,238,Replogle,0,0
SFPQ,True,100,303,True,50,303,Replogle,0,0
SFSWAP,True,50,172,True,50,172,Replogle,0,0
SGPP1,False,50,159,False,50,159,Replogle,1,1
SIN3A,True,100,307,False,50,307,Replogle,0,1
SKA3,False,50,116,False,50,116,Replogle,1,1
SKP2,True,100,202,True,50,202,Replogle,0,0
SLC16A5,False,50,179,False,50,179,Replogle,1,1
SLC1A5,False,200,490,False,50,490,Replogle,1,1
SLC25A10,True,100,303,True,50,303,Replogle,0,0
SLC25A3,False,50,114,False,50,114,Replogle,1,1
SLC35G6,False,50,163,False,50,163,Replogle,1,1
SLC39A10,False,50,153,False,50,153,Replogle,1,1
SLC39A7,False,50,131,False,50,131,Replogle,1,1
SLC39A9,True,200,752,False,50,752,Replogle,0,1
SLC4A5,False,100,226,False,50,226,Replogle,1,1
SLC7A5,True,100,378,True,50,378,Replogle,0,0
SLU7,True,100,225,True,50,225,Replogle,0,0
SMAGP,False,50,117,False,50,117,Replogle,1,1
SMARCB1,False,50,182,False,50,182,Replogle,1,1
SMC1A,True,50,180,True,50,180,Replogle,0,0
SMC2,True,50,134,True,50,134,Replogle,0,0
SMC4,False,100,340,False,50,340,Replogle,1,1
SMC5,False,50,121,False,50,121,Replogle,1,1
SMC6,False,50,125,False,50,125,Replogle,1,1
SMN2,True,100,319,True,50,319,Replogle,0,0
SMU1,True,50,155,True,50,155,Replogle,0,0
SNAPC3,True,100,212,True,50,212,Replogle,0,0
SNAPC4,False,50,104,False,50,104,Replogle,1,1
SNAPC5,False,50,102,False,50,102,Replogle,1,1
SNF8,False,50,132,False,50,132,Replogle,1,1
SNRNP200,True,50,169,True,50,169,Replogle,0,0
SNRNP25,True,50,135,True,50,135,Replogle,0,0
SNRNP35,True,50,168,True,50,168,Replogle,0,0
SNRNP40,False,100,210,False,50,210,Replogle,1,1
SNRNP48,True,50,191,True,50,191,Replogle,0,0
SNRNP70,True,50,129,True,50,129,Replogle,0,0
SNRPA1,True,50,159,True,50,159,Replogle,0,0
SNRPB,True,100,269,True,50,269,Replogle,0,0
SNRPD1,True,50,146,True,50,146,Replogle,0,0
SNRPD3,True,50,182,True,50,182,Replogle,0,0
SNRPE,True,50,184,True,50,184,Replogle,0,0
SNRPF,True,50,130,True,50,130,Replogle,0,0
SNRPG,True,200,402,True,50,402,Replogle,0,0
SNUPN,False,50,139,False,50,139,Replogle,1,1
SNW1,False,100,226,False,50,226,Replogle,1,1
SNX15,True,200,637,False,50,637,Replogle,0,1
SOD1,False,50,165,False,50,165,Replogle,1,1
SOD2,False,50,198,False,50,198,Replogle,1,1
SON,True,200,515,True,50,515,Replogle,0,0
SP2,False,50,118,False,50,118,Replogle,1,1
SPATA5L1,False,50,150,False,50,150,Replogle,1,1
SPC25,True,50,199,True,50,199,Replogle,0,0
SPCS2,False,50,122,False,50,122,Replogle,1,1
SPCS3,False,50,167,False,50,167,Replogle,1,1
SPDYE2,False,50,182,False,50,182,Replogle,1,1
SPRTN,False,50,139,False,50,139,Replogle,1,1
SPTSSA,False,50,124,False,50,124,Replogle,1,1
SRBD1,False,50,150,False,50,150,Replogle,1,1
SRCAP,False,50,194,False,50,194,Replogle,1,1
SRF,False,50,123,False,50,123,Replogle,1,1
SRP14,True,50,132,True,50,132,Replogle,0,0
SRP19,False,50,124,False,50,124,Replogle,1,1
SRP68,True,50,171,True,50,171,Replogle,0,0
SRP72,False,100,224,False,50,224,Replogle,1,1
SRP9,True,50,168,True,50,168,Replogle,0,0
SRPRB,False,50,164,False,50,164,Replogle,1,1
SRRM1,True,50,180,True,50,180,Replogle,0,0
SRRM2,True,50,173,True,50,173,Replogle,0,0
SRRT,True,100,307,True,50,307,Replogle,0,0
SRSF1,True,50,159,True,50,159,Replogle,0,0
SRSF10,False,50,133,False,50,133,Replogle,1,1
SRSF11,False,200,437,False,50,437,Replogle,1,1
SRSF6,False,100,231,False,50,231,Replogle,1,1
SRSF7,True,50,118,True,50,118,Replogle,0,0
SS18L2,False,50,144,False,50,144,Replogle,1,1
SSBP1,True,50,119,True,50,119,Replogle,0,0
SSBP3,False,50,107,False,50,107,Replogle,1,1
SSRP1,True,200,562,True,50,562,Replogle,0,0
SSX4,False,50,101,False,50,101,Replogle,1,1
STARD7,True,50,117,True,50,117,Replogle,0,0
STAT5A,False,100,204,False,50,204,Replogle,1,1
STIL,False,50,171,False,50,171,Replogle,1,1
STRAP,True,50,106,True,50,106,Replogle,0,0
STRIP1,False,50,107,False,50,107,Replogle,1,1
SUGP1,True,50,149,True,50,149,Replogle,0,0
SUGT1,True,50,107,True,50,107,Replogle,0,0
SUPT5H,True,200,406,True,50,406,Replogle,0,0
SUPT6H,True,100,288,True,50,288,Replogle,0,0
SURF6,True,50,130,True,50,130,Replogle,0,0
TACC3,False,50,132,False,50,132,Replogle,1,1
TADA3,False,50,150,False,50,150,Replogle,1,1
TAF1C,True,50,134,True,50,134,Replogle,0,0
TAF1D,True,50,141,True,50,141,Replogle,0,0
TAF2,True,50,144,True,50,144,Replogle,0,0
TAF6,True,50,113,True,50,113,Replogle,0,0
TAF8,True,50,110,True,50,110,Replogle,0,0
TAMM41,False,50,120,False,50,120,Replogle,1,1
TARDBP,False,50,169,False,50,169,Replogle,1,1
TARS,True,50,132,True,50,132,Replogle,0,0
TBCA,False,50,179,False,50,179,Replogle,1,1
TBCB,True,50,102,True,50,102,Replogle,0,0
TBCC,False,50,141,False,50,141,Replogle,1,1
TBCE,False,50,129,False,50,129,Replogle,1,1
TBP,True,50,151,True,50,151,Replogle,0,0
TCERG1,True,50,105,True,50,105,Replogle,0,0
TDGF1,False,50,106,False,50,106,Replogle,1,1
TEAD3,False,100,267,False,50,267,Replogle,1,1
TEFM,True,100,203,True,50,203,Replogle,0,0
TEX10,True,50,162,True,50,162,Replogle,0,0
TFB2M,False,50,162,False,50,162,Replogle,1,1
TFDP1,True,50,163,True,50,163,Replogle,0,0
TGS1,False,50,161,False,50,161,Replogle,1,1
THAP1,True,50,110,True,50,110,Replogle,0,0
THOC2,True,50,190,True,50,190,Replogle,0,0
THOC3,True,50,147,True,50,147,Replogle,0,0
THOC6,False,50,116,False,50,116,Replogle,1,1
THOC7,True,50,132,True,50,132,Replogle,0,0
TICRR,True,50,157,True,50,157,Replogle,0,0
TIMM13,True,50,178,True,50,178,Replogle,0,0
TIMM23B,True,200,498,True,50,498,Replogle,0,0
TIMM8A,False,50,162,False,50,162,Replogle,1,1
TIMM9,True,100,201,False,50,201,Replogle,0,1
TIPIN,False,50,109,False,50,109,Replogle,1,1
TKT,False,100,202,False,50,202,Replogle,1,1
TLCD1,False,50,155,False,50,155,Replogle,1,1
TM7SF2,False,50,100,False,50,100,Replogle,1,1
TMA16,False,50,172,False,50,172,Replogle,1,1
TMED2,False,50,137,False,50,137,Replogle,1,1
TMEM127,False,50,132,False,50,132,Replogle,1,1
TMEM240,False,50,176,False,50,176,Replogle,1,1
TMEM258,False,50,193,False,50,193,Replogle,1,1
TMSB10,True,100,228,False,50,228,Replogle,0,1
TMX2,True,50,109,True,50,109,Replogle,0,0
TNPO3,True,50,100,True,50,100,Replogle,0,0
TOE1,False,50,146,False,50,146,Replogle,1,1
TOMM20,False,50,111,False,50,111,Replogle,1,1
TOMM22,True,50,104,True,50,104,Replogle,0,0
TOMM40,False,50,117,False,50,117,Replogle,1,1
TOP1,True,50,123,True,50,123,Replogle,0,0
TOP3A,False,50,159,False,50,159,Replogle,1,1
TPX2,True,100,361,True,50,361,Replogle,0,0
TRA2B,True,100,222,True,50,222,Replogle,0,0
TRAPPC1,False,50,106,False,50,106,Replogle,1,1
TRAPPC11,False,50,110,False,50,110,Replogle,1,1
TRAPPC3,False,50,163,False,50,163,Replogle,1,1
TRAPPC4,False,50,196,False,50,196,Replogle,1,1
TRAPPC5,False,50,132,False,50,132,Replogle,1,1
TRAPPC8,False,50,152,False,50,152,Replogle,1,1
TREX2,True,100,275,True,50,275,Replogle,0,0
TRMT112,True,100,201,True,50,201,Replogle,0,0
TRMT6,False,50,114,False,50,114,Replogle,1,1
TRNP1,False,50,156,False,50,156,Replogle,1,1
TRNT1,False,100,203,False,50,203,Replogle,1,1
TRPM7,True,50,128,True,50,128,Replogle,0,0
TRRAP,True,200,427,True,50,427,Replogle,0,0
TSEN2,True,50,177,True,50,177,Replogle,0,0
TSEN34,False,100,275,False,50,275,Replogle,1,1
TSR1,True,50,188,True,50,188,Replogle,0,0
TSR2,True,200,523,True,50,523,Replogle,0,0
TSSK3,False,100,212,False,50,212,Replogle,1,1
TTC4,False,50,108,False,50,108,Replogle,1,1
TTI1,True,50,151,True,50,151,Replogle,0,0
TTK,True,50,199,True,50,199,Replogle,0,0
TUBB,True,50,107,True,50,107,Replogle,0,0
TUBD1,False,50,190,False,50,190,Replogle,1,1
TUBE1,False,50,134,False,50,134,Replogle,1,1
TUBGCP2,True,100,238,True,50,238,Replogle,0,0
TUBGCP6,False,50,153,False,50,153,Replogle,1,1
TULP1,False,50,123,False,50,123,Replogle,1,1
TUT1,False,100,208,False,50,208,Replogle,1,1
TVP23C,False,50,113,False,50,113,Replogle,1,1
TWF1,False,50,140,False,50,140,Replogle,1,1
TWISTNB,True,50,169,True,50,169,Replogle,0,0
TXNL4B,False,50,135,False,50,135,Replogle,1,1
U2AF1,True,50,141,True,50,141,Replogle,0,0
U2AF2,False,50,107,False,50,107,Replogle,1,1
U2SURP,True,100,290,True,50,290,Replogle,0,0
UBA1,True,100,287,True,50,287,Replogle,0,0
UBA2,True,50,172,True,50,172,Replogle,0,0
UBA5,False,50,102,False,50,102,Replogle,1,1
UBAP1,True,50,104,True,50,104,Replogle,0,0
UBC,False,50,107,False,50,107,Replogle,1,1
UBE2D3,False,50,142,False,50,142,Replogle,1,1
UBE2H,False,50,194,False,50,194,Replogle,1,1
UBE2L3,False,100,201,False,50,201,Replogle,1,1
UBE2M,False,50,177,False,50,177,Replogle,1,1
UBE2N,False,50,174,False,50,174,Replogle,1,1
UBL5,True,100,232,True,50,232,Replogle,0,0
UBQLN4,True,50,152,True,50,152,Replogle,0,0
UBTF,False,100,202,False,50,202,Replogle,1,1
UFL1,False,50,162,False,50,162,Replogle,1,1
UFM1,False,50,130,False,50,130,Replogle,1,1
UNC45A,False,50,178,False,50,178,Replogle,1,1
UPF1,True,50,131,True,50,131,Replogle,0,0
UPF2,True,50,154,True,50,154,Replogle,0,0
UQCC2,False,50,101,False,50,101,Replogle,1,1
UQCRC1,False,100,316,False,50,316,Replogle,1,1
UQCRFS1,True,50,119,True,50,119,Replogle,0,0
UQCRQ,True,50,166,True,50,166,Replogle,0,0
URB2,True,50,198,True,50,198,Replogle,0,0
URM1,False,50,123,False,50,123,Replogle,1,1
UROD,False,100,201,False,50,201,Replogle,1,1
USF2,False,50,185,False,50,185,Replogle,1,1
USP36,False,50,174,False,50,174,Replogle,1,1
USP39,True,100,220,True,50,220,Replogle,0,0
USP5,False,50,199,False,50,199,Replogle,1,1
USP7,False,100,276,False,50,276,Replogle,1,1
USP9X,False,50,112,False,50,112,Replogle,1,1
USPL1,True,50,100,True,50,100,Replogle,0,0
UTP15,True,50,152,True,50,152,Replogle,0,0
UTP20,True,50,105,True,50,105,Replogle,0,0
UTP23,True,50,163,True,50,163,Replogle,0,0
UXS1,False,50,124,False,50,124,Replogle,1,1
UXT,True,100,215,True,50,215,Replogle,0,0
VARS,True,100,220,True,50,220,Replogle,0,0
VARS2,False,50,126,False,50,126,Replogle,1,1
VBP1,False,50,116,False,50,116,Replogle,1,1
VCP,False,100,239,False,50,239,Replogle,1,1
VEZT,False,100,204,False,50,204,Replogle,1,1
VHL,False,50,162,False,50,162,Replogle,1,1
VMP1,False,50,106,False,50,106,Replogle,1,1
VPS13D,False,50,140,False,50,140,Replogle,1,1
VPS18,False,50,157,False,50,157,Replogle,1,1
VPS29,True,50,165,True,50,165,Replogle,0,0
VPS33A,False,50,182,False,50,182,Replogle,1,1
VPS37C,False,50,177,False,50,177,Replogle,1,1
VPS41,False,100,332,False,50,332,Replogle,1,1
VPS51,False,50,101,False,50,101,Replogle,1,1
VPS54,True,100,321,False,50,321,Replogle,0,1
WAC,False,50,162,False,50,162,Replogle,1,1
WBP11,True,100,312,True,50,312,Replogle,0,0
WBP1L,False,50,199,False,50,199,Replogle,1,1
WDHD1,True,50,182,True,50,182,Replogle,0,0
WDR1,False,50,102,False,50,102,Replogle,1,1
WDR12,True,100,213,True,50,213,Replogle,0,0
WDR18,False,50,105,False,50,105,Replogle,1,1
WDR25,False,50,159,False,50,159,Replogle,1,1
WDR26,False,100,226,False,50,226,Replogle,1,1
WDR3,True,100,365,True,50,365,Replogle,0,0
WDR33,True,50,103,True,50,103,Replogle,0,0
WDR36,True,100,285,True,50,285,Replogle,0,0
WDR4,False,100,347,False,50,347,Replogle,1,1
WDR54,False,100,208,False,50,208,Replogle,1,1
WDR61,True,50,108,True,50,108,Replogle,0,0
WDR7,False,50,103,False,50,103,Replogle,1,1
WDR74,False,50,178,False,50,178,Replogle,1,1
WDR75,True,50,158,True,50,158,Replogle,0,0
WDTC1,True,50,112,True,50,112,Replogle,0,0
WNK1,False,50,137,False,50,137,Replogle,1,1
WTAP,False,50,165,False,50,165,Replogle,1,1
XAB2,True,50,153,True,50,153,Replogle,0,0
XPO1,True,100,207,True,50,207,Replogle,0,0
XPO5,False,100,221,False,50,221,Replogle,1,1
XRCC1,False,100,254,False,50,254,Replogle,1,1
XRCC2,False,50,157,False,50,157,Replogle,1,1
YARS,False,50,185,False,50,185,Replogle,1,1
YARS2,False,50,190,False,50,190,Replogle,1,1
YEATS2,True,100,240,True,50,240,Replogle,0,0
YEATS4,True,100,231,True,50,231,Replogle,0,0
YJEFN3,False,50,179,False,50,179,Replogle,1,1
YRDC,False,50,106,False,50,106,Replogle,1,1
YTHDC1,True,100,237,True,50,237,Replogle,0,0
ZBTB11,False,50,146,False,50,146,Replogle,1,1
ZBTB17,False,50,160,False,50,160,Replogle,1,1
ZCRB1,True,50,146,True,50,146,Replogle,0,0
ZFC3H1,True,50,117,True,50,117,Replogle,0,0
ZFP69B,False,50,151,False,50,151,Replogle,1,1
ZMAT2,True,200,436,True,50,436,Replogle,0,0
ZMAT5,True,50,100,True,50,100,Replogle,0,0
ZNF133,False,50,102,False,50,102,Replogle,1,1
ZNF207,False,100,283,False,50,283,Replogle,1,1
ZNF253,False,50,118,False,50,118,Replogle,1,1
ZNF284,False,100,218,False,50,218,Replogle,1,1
ZNF317,False,50,132,False,50,132,Replogle,1,1
ZNF335,False,50,146,False,50,146,Replogle,1,1
ZNF407,False,50,112,False,50,112,Replogle,1,1
ZNF468,False,100,207,False,50,207,Replogle,1,1
ZNF492,False,50,157,False,50,157,Replogle,1,1
ZNF506,False,50,177,False,50,177,Replogle,1,1
ZNF559,False,50,111,False,50,111,Replogle,1,1
ZNF574,False,100,314,False,50,314,Replogle,1,1
ZNF658,False,50,111,False,50,111,Replogle,1,1
ZNF674,False,50,126,False,50,126,Replogle,1,1
ZNF687,True,100,205,False,50,205,Replogle,0,1
ZNF718,False,100,330,False,50,330,Replogle,1,1
ZNF763,False,50,148,False,50,148,Replogle,1,1
ZNHIT6,True,50,117,True,50,117,Replogle,0,0
ZRSR2,False,50,113,False,50,113,Replogle,1,1
ZW10,False,100,200,False,50,200,Replogle,1,1
AHR,True,200,558,True,50,558,Norman,0,0
AHR_FEV,True,100,276,True,50,276,Norman,0,0
AHR_KLF1,True,200,481,True,50,481,Norman,0,0
ARID1A,True,100,232,True,50,232,Norman,0,0
ARRDC3,True,200,495,False,50,495,Norman,0,1
ATL1,True,100,379,True,50,379,Norman,0,0
BAK1,True,400,1457,False,50,1457,Norman,0,1
BCL2L11,False,200,582,False,50,582,Norman,1,1
BCL2L11_BAK1,False,50,175,False,50,175,Norman,1,1
BCL2L11_TGFBR2,True,200,463,True,50,463,Norman,0,0
BCORL1,True,200,533,False,50,533,Norman,0,1
BPGM,True,200,464,True,50,464,Norman,0,0
BPGM_SAMD1,True,100,301,True,50,301,Norman,0,0
BPGM_ZBTB1,True,100,358,True,50,358,Norman,0,0
C19orf26,True,400,872,True,50,872,Norman,0,0
C3orf72,True,100,264,True,50,264,Norman,0,0
CBFA2T3,True,200,658,True,50,658,Norman,0,0
CBL,True,200,663,True,50,663,Norman,0,0
CBL_CNN1,True,100,348,True,50,348,Norman,0,0
CBL_PTPN12,True,100,335,True,50,335,Norman,0,0
CBL_PTPN9,True,100,306,True,50,306,Norman,0,0
CBL_TGFBR2,True,50,188,True,50,188,Norman,0,0
CBL_UBASH3B,True,200,410,True,50,410,Norman,0,0
CDKN1A,True,100,360,True,50,360,Norman,0,0
CDKN1B,True,200,550,True,50,550,Norman,0,0
CDKN1B_CDKN1A,True,50,134,True,50,134,Norman,0,0
CDKN1C,True,100,230,True,50,230,Norman,0,0
CDKN1C_CDKN1A,True,50,126,True,50,126,Norman,0,0
CDKN1C_CDKN1B,True,50,107,True,50,107,Norman,0,0
CEBPA,True,200,460,True,50,460,Norman,0,0
CEBPB,True,200,488,True,50,488,Norman,0,0
CEBPB_MAPK1,True,200,412,True,50,412,Norman,0,0
CEBPB_OSR2,True,100,211,True,50,211,Norman,0,0
CEBPB_PTPN12,True,100,331,True,50,331,Norman,0,0
CEBPE,True,400,1233,True,50,1233,Norman,0,0
CEBPE_CEBPA,True,50,180,True,50,180,Norman,0,0
CEBPE_CEBPB,True,50,114,True,50,114,Norman,0,0
CEBPE_CNN1,True,100,237,True,50,237,Norman,0,0
CEBPE_KLF1,True,200,468,True,50,468,Norman,0,0
CEBPE_PTPN12,True,200,415,True,50,415,Norman,0,0
CEBPE_RUNX1T1,True,400,1219,True,50,1219,Norman,0,0
CEBPE_SPI1,True,50,179,True,50,179,Norman,0,0
CELF2,True,200,475,True,50,475,Norman,0,0
CITED1,True,100,215,True,50,215,Norman,0,0
CKS1B,True,100,241,True,50,241,Norman,0,0
CLDN6,True,200,670,True,50,670,Norman,0,0
CNN1,True,200,765,True,50,765,Norman,0,0
CNN1_MAPK1,True,100,398,True,50,398,Norman,0,0
CNN1_UBASH3A,True,50,178,True,50,178,Norman,0,0
CNNM4,True,200,470,True,50,470,Norman,0,0
COL1A1,True,100,328,True,50,328,Norman,0,0
COL2A1,True,200,598,True,50,598,Norman,0,0
CSRNP1,True,200,478,False,50,478,Norman,0,1
DLX2,True,200,732,True,50,732,Norman,0,0
DUSP9,True,200,731,True,50,731,Norman,0,0
DUSP9_ETS2,True,200,787,True,50,787,Norman,0,0
DUSP9_IGDCC3,True,100,382,True,50,382,Norman,0,0
DUSP9_KLF1,True,100,366,True,50,366,Norman,0,0
DUSP9_MAPK1,True,100,290,True,50,290,Norman,0,0
DUSP9_PRTG,True,100,297,True,50,297,Norman,0,0
DUSP9_SNAI1,True,50,183,True,50,183,Norman,0,0
EGR1,True,100,322,True,50,322,Norman,0,0
ELMSAN1,True,400,937,True,50,937,Norman,0,0
ETS2,True,400,1201,True,50,1201,Norman,0,0
ETS2_CEBPE,True,100,354,True,50,354,Norman,0,0
ETS2_CNN1,True,400,905,True,50,905,Norman,0,0
ETS2_IGDCC3,True,200,441,True,50,441,Norman,0,0
ETS2_IKZF3,True,200,445,True,50,445,Norman,0,0
ETS2_MAP7D1,True,100,324,True,50,324,Norman,0,0
ETS2_MAPK1,True,200,459,True,50,459,Norman,0,0
ETS2_PRTG,True,200,445,True,50,445,Norman,0,0
FEV,True,200,704,True,50,704,Norman,0,0
FEV_CBFA2T3,True,50,159,True,50,159,Norman,0,0
FEV_ISL2,True,100,284,True,50,284,Norman,0,0
FEV_MAP7D1,True,100,277,True,50,277,Norman,0,0
FOSB,True,200,630,True,50,630,Norman,0,0
FOSB_CEBPE,True,50,151,True,50,151,Norman,0,0
FOSB_IKZF3,True,100,247,True,50,247,Norman,0,0
FOSB_OSR2,True,100,382,True,50,382,Norman,0,0
FOSB_PTPN12,True,100,345,True,50,345,Norman,0,0
FOSB_UBASH3B,True,200,426,True,50,426,Norman,0,0
FOXA1,True,400,851,True,50,851,Norman,0,0
FOXA1_FOXF1,True,100,272,True,50,272,Norman,0,0
FOXA1_FOXL2,True,50,192,True,50,192,Norman,0,0
FOXA1_HOXB9,True,100,295,True,50,295,Norman,0,0
FOXA3,True,200,494,True,50,494,Norman,0,0
FOXA3_FOXA1,True,100,216,True,50,216,Norman,0,0
FOXA3_FOXF1,True,50,175,True,50,175,Norman,0,0
FOXA3_FOXL2,True,50,130,True,50,130,Norman,0,0
FOXA3_HOXB9,True,100,329,True,50,329,Norman,0,0
FOXF1,True,400,874,False,50,874,Norman,0,1
FOXF1_FOXL2,True,50,192,True,50,192,Norman,0,0
FOXF1_HOXB9,True,100,200,True,50,200,Norman,0,0
FOXL2,True,200,652,True,50,652,Norman,0,0
FOXL2_MEIS1,True,50,193,True,50,193,Norman,0,0
FOXO4,True,100,215,True,50,215,Norman,0,0
GLB1L2,True,200,463,True,50,463,Norman,0,0
HES7,True,50,126,True,50,126,Norman,0,0
HK2,True,100,303,False,50,303,Norman,0,1
HNF4A,True,100,237,True,50,237,Norman,0,0
HOXA13,True,100,274,True,50,274,Norman,0,0
HOXB9,True,200,701,True,50,701,Norman,0,0
HOXC13,True,100,385,True,50,385,Norman,0,0
IER5L,True,200,405,True,50,405,Norman,0,0
IGDCC3,True,200,613,True,50,613,Norman,0,0
IGDCC3_MAPK1,True,100,368,True,50,368,Norman,0,0
IGDCC3_PRTG,True,50,140,True,50,140,Norman,0,0
IGDCC3_ZBTB25,True,50,141,True,50,141,Norman,0,0
IKZF3,True,200,681,True,50,681,Norman,0,0
IRF1,True,200,427,True,50,427,Norman,0,0
IRF1_SET,True,200,444,True,50,444,Norman,0,0
ISL2,True,200,582,False,50,582,Norman,0,1
JUN,True,100,266,True,50,266,Norman,0,0
KIAA1804,True,100,278,True,50,278,Norman,0,0
KIF18B,True,100,254,False,50,254,Norman,0,1
KIF2C,True,200,634,False,50,634,Norman,0,1
KLF1,True,800,1960,True,50,1960,Norman,0,0
KLF1_BAK1,True,100,395,True,50,395,Norman,0,0
KLF1_CEBPA,True,100,311,True,50,311,Norman,0,0
KLF1_CLDN6,True,100,237,True,50,237,Norman,0,0
KLF1_COL2A1,True,100,298,True,50,298,Norman,0,0
KLF1_FOXA1,True,100,361,True,50,361,Norman,0,0
KLF1_MAP2K6,True,100,263,True,50,263,Norman,0,0
KLF1_TGFBR2,True,100,337,True,50,337,Norman,0,0
KMT2A,True,100,241,False,50,241,Norman,0,1
LHX1,True,100,375,True,50,375,Norman,0,0
LHX1_ELMSAN1,True,200,647,True,50,647,Norman,0,0
LYL1,True,200,432,True,50,432,Norman,0,0
LYL1_CEBPB,True,50,192,True,50,192,Norman,0,0
LYL1_IER5L,True,200,623,True,50,623,Norman,0,0
MAML2,True,200,626,False,50,626,Norman,0,1
MAP2K3,True,200,579,True,50,579,Norman,0,0
MAP2K3_ELMSAN1,True,200,581,True,50,581,Norman,0,0
MAP2K3_IKZF3,True,100,261,True,50,261,Norman,0,0
MAP2K3_MAP2K6,True,200,571,True,50,571,Norman,0,0
MAP2K3_SLC38A2,True,100,338,True,50,338,Norman,0,0
MAP2K6,True,400,878,False,50,878,Norman,0,1
MAP2K6_ELMSAN1,True,200,451,True,50,451,Norman,0,0
MAP2K6_IKZF3,True,100,300,True,50,300,Norman,0,0
MAP2K6_SPI1,True,100,302,True,50,302,Norman,0,0
MAP4K3,False,100,363,False,50,363,Norman,1,1
MAP4K5,False,100,366,False,50,366,Norman,1,1
MAP7D1,True,200,751,False,50,751,Norman,0,1
MAPK1,True,200,765,True,50,765,Norman,0,0
MAPK1_IKZF3,True,100,302,True,50,302,Norman,0,0
MAPK1_PRTG,True,200,500,True,50,500,Norman,0,0
MAPK1_TGFBR2,True,200,497,True,50,497,Norman,0,0
MEIS1,True,200,776,True,50,776,Norman,0,0
MIDN,True,100,298,True,50,298,Norman,0,0
NCL,False,100,237,False,50,237,Norman,1,1
NIT1,True,50,192,True,50,192,Norman,0,0
OSR2,True,400,1003,True,50,1003,Norman,0,0
PLK4,False,50,113,False,50,113,Norman,1,1
POU3F2,True,100,359,True,50,359,Norman,0,0
POU3F2_CBFA2T3,True,100,216,True,50,216,Norman,0,0
POU3F2_FOXL2,True,100,309,True,50,309,Norman,0,0
PRDM1,True,100,297,True,50,297,Norman,0,0
PRDM1_CBFA2T3,True,50,106,True,50,106,Norman,0,0
PRTG,True,200,685,True,50,685,Norman,0,0
PTPN1,True,200,419,True,50,419,Norman,0,0
PTPN12,True,200,445,True,50,445,Norman,0,0
PTPN12_OSR2,True,100,339,True,50,339,Norman,0,0
PTPN12_PTPN9,True,100,364,True,50,364,Norman,0,0
PTPN12_SNAI1,True,100,283,True,50,283,Norman,0,0
PTPN12_UBASH3A,True,100,311,True,50,311,Norman,0,0
PTPN12_ZBTB25,True,100,303,True,50,303,Norman,0,0
PTPN13,True,100,270,True,50,270,Norman,0,0
PTPN9,True,200,445,True,50,445,Norman,0,0
RHOXF2,True,100,328,True,50,328,Norman,0,0
RHOXF2_SET,True,100,321,True,50,321,Norman,0,0
RHOXF2_ZBTB25,True,100,263,True,50,263,Norman,0,0
RREB1,True,100,331,True,50,331,Norman,0,0
RUNX1T1,True,200,779,False,50,779,Norman,0,1
S1PR2,True,200,541,True,50,541,Norman,0,0
SAMD1,True,200,498,True,50,498,Norman,0,0
SAMD1_PTPN12,True,100,351,True,50,351,Norman,0,0
SAMD1_UBASH3B,True,100,240,True,50,240,Norman,0,0
SAMD1_ZBTB1,True,50,191,True,50,191,Norman,0,0
SET,True,400,986,True,50,986,Norman,0,0
SET_CEBPE,True,200,658,True,50,658,Norman,0,0
SET_KLF1,True,200,667,True,50,667,Norman,0,0
SGK1,True,200,483,True,50,483,Norman,0,0
SGK1_S1PR2,True,100,358,True,50,358,Norman,0,0
SGK1_TBX2,True,100,349,True,50,349,Norman,0,0
SGK1_TBX3,True,100,300,True,50,300,Norman,0,0
SLC38A2,True,100,332,True,50,332,Norman,0,0
SLC4A1,True,400,1000,True,50,1000,Norman,0,0
SLC6A9,True,200,558,True,50,558,Norman,0,0
SNAI1,True,200,467,True,50,467,Norman,0,0
SNAI1_DLX2,True,50,131,True,50,131,Norman,0,0
SNAI1_UBASH3B,True,100,299,True,50,299,Norman,0,0
SPI1,True,200,613,True,50,613,Norman,0,0
STIL,True,100,309,False,50,309,Norman,0,1
TBX2,True,200,690,True,50,690,Norman,0,0
TBX3,True,200,691,True,50,691,Norman,0,0
TBX3_TBX2,True,400,1167,True,50,1167,Norman,0,0
TGFBR2,True,200,646,False,50,646,Norman,0,1
TGFBR2_C19orf26,True,100,325,True,50,325,Norman,0,0
TGFBR2_ETS2,True,100,318,True,50,318,Norman,0,0
TGFBR2_IGDCC3,True,100,301,True,50,301,Norman,0,0
TGFBR2_PRTG,True,100,265,True,50,265,Norman,0,0
TMSB4X,True,200,543,True,50,543,Norman,0,0
TMSB4X_BAK1,True,100,329,True,50,329,Norman,0,0
TP73,True,100,248,True,50,248,Norman,0,0
TSC22D1,True,200,441,False,50,441,Norman,0,1
UBASH3A,True,400,819,False,50,819,Norman,0,1
UBASH3B,True,400,1202,True,50,1202,Norman,0,0
UBASH3B_CNN1,True,200,402,True,50,402,Norman,0,0
UBASH3B_OSR2,True,200,796,True,50,796,Norman,0,0
UBASH3B_PTPN12,True,100,298,True,50,298,Norman,0,0
UBASH3B_PTPN9,True,100,325,True,50,325,Norman,0,0
UBASH3B_UBASH3A,True,200,554,True,50,554,Norman,0,0
UBASH3B_ZBTB25,True,100,255,True,50,255,Norman,0,0
ZBTB1,True,200,693,True,50,693,Norman,0,0
ZBTB10,True,50,162,True,50,162,Norman,0,0
ZBTB10_ELMSAN1,True,50,182,True,50,182,Norman,0,0
ZBTB10_PTPN12,True,100,265,True,50,265,Norman,0,0
ZBTB10_SNAI1,True,50,100,True,50,100,Norman,0,0
ZBTB25,True,200,740,True,50,740,Norman,0,0
ZC3HAV1,True,200,516,True,50,516,Norman,0,0
ZC3HAV1_CEBPE,True,200,410,True,50,410,Norman,0,0
ZC3HAV1_HOXC13,True,200,618,True,50,618,Norman,0,0
ZNF318,True,200,650,False,50,650,Norman,0,1
ZNF318_FOXL2,True,100,246,True,50,246,Norman,0,0
*,False,50,101,False,50,101,Adamson,1,1
63(mod)_pBA580,True,800,6010,False,50,6010,Adamson,0,1
AARS_pDS381,True,200,447,True,50,447,Adamson,0,0
AMIGO3_pDS434,True,200,715,False,50,715,Adamson,0,1
ARHGAP22_pDS458,True,200,490,True,50,490,Adamson,0,0
ASCC3_pDS051,True,200,614,True,50,614,Adamson,0,0
ASCC3_pDS052,True,400,1142,True,50,1142,Adamson,0,0
ATF4_pBA608,False,100,325,False,50,325,Adamson,1,1
ATP5B_pDS055,True,200,644,True,50,644,Adamson,0,0
CAD_pDS468,True,100,281,True,50,281,Adamson,0,0
CARS_pDS460,True,200,501,True,50,501,Adamson,0,0
CCND3_pDS006,True,100,379,True,50,379,Adamson,0,0
CHERP_pDS024,True,200,479,True,50,479,Adamson,0,0
COPB1_pDS065,True,100,225,True,50,225,Adamson,0,0
COPZ1_pDS462,True,100,282,True,50,282,Adamson,0,0
DAD1_pDS499,True,200,752,False,50,752,Adamson,0,1
DARS_pDS495,True,200,664,True,50,664,Adamson,0,0
DDOST_pDS382,True,100,382,True,50,382,Adamson,0,0
DDRGK1_pDS041,False,200,607,False,50,607,Adamson,1,1
DERL2_pDS042,True,200,656,False,50,656,Adamson,0,1
DHDDS_pDS383,True,200,507,True,50,507,Adamson,0,0
DNAJC19_pDS026,True,400,1000,True,50,1000,Adamson,0,0
DNAJC19_pDS074,True,200,525,True,50,525,Adamson,0,0
EIF2AK3_pBA572,False,50,141,False,50,141,Adamson,1,1
EIF2B2_pDS463,True,200,615,True,50,615,Adamson,0,0
EIF2B3_pDS508,True,200,415,True,50,415,Adamson,0,0
EIF2B4_pDS491,True,200,625,True,50,625,Adamson,0,0
EIF2S1_pDS386,True,200,511,True,50,511,Adamson,0,0
FARSB_pDS390,True,200,632,True,50,632,Adamson,0,0
FECH_pDS494,True,200,683,True,50,683,Adamson,0,0
GBF1_pDS043,False,200,760,False,50,760,Adamson,1,1
GBF1_pDS044,True,50,198,True,50,198,Adamson,0,0
GMPPB_pDS391,True,200,606,False,50,606,Adamson,0,1
GNPNAT1_pDS506,False,200,503,False,50,503,Adamson,1,1
HARS_pDS466,True,100,325,True,50,325,Adamson,0,0
HSD17B12_pDS087,True,200,404,True,50,404,Adamson,0,0
HSPA5_pDS017,True,400,881,True,50,881,Adamson,0,0
HSPA5_pDS371,True,100,301,True,50,301,Adamson,0,0
HSPA9_pDS088,True,400,894,True,50,894,Adamson,0,0
HYOU1_pDS089,False,200,494,False,50,494,Adamson,1,1
IARS2_pDS090,True,200,438,True,50,438,Adamson,0,0
IARS2_pDS091,True,200,673,True,50,673,Adamson,0,0
IDH3A_pDS393,True,200,663,False,50,663,Adamson,0,1
IER3IP1_pDS002,True,400,1222,True,50,1222,Adamson,0,0
IER3IP1_pDS110,True,200,582,True,50,582,Adamson,0,0
KCTD16_pDS096,True,200,464,False,50,464,Adamson,0,1
MANF_pDS027,False,200,554,False,50,554,Adamson,1,1
MARS_pDS394,True,200,523,True,50,523,Adamson,0,0
MRGBP_pDS124,True,200,570,False,50,570,Adamson,0,1
MRPL39_pDS498,True,200,683,False,50,683,Adamson,0,1
MTHFD1_pDS395,True,200,520,True,50,520,Adamson,0,0
NEDD8_pDS396,True,200,506,True,50,506,Adamson,0,0
OST4_pDS353,False,200,646,False,50,646,Adamson,1,1
P4HB_pDS397,False,200,560,False,50,560,Adamson,1,1
PDIA6_pDS029,True,200,583,False,50,583,Adamson,0,1
PPWD1_pDS398,True,100,234,True,50,234,Adamson,0,0
PSMD4_pDS488,True,200,625,True,50,625,Adamson,0,0
PTDSS1_pDS478,False,200,534,False,50,534,Adamson,1,1
QARS_pDS510,True,100,379,True,50,379,Adamson,0,0
SAMM50_pDS156,True,400,817,True,50,817,Adamson,0,0
SARS_pDS467,True,200,473,True,50,473,Adamson,0,0
SCYL1_pDS159,True,200,561,True,50,561,Adamson,0,0
SCYL1_pDS160,True,200,669,True,50,669,Adamson,0,0
SEC61A1_pDS031,True,200,451,True,50,451,Adamson,0,0
SEC61A1_pDS032,True,200,740,True,50,740,Adamson,0,0
SEC61B_pDS033,True,400,1185,False,50,1185,Adamson,0,1
SEC61B_pDS162,True,200,483,False,50,483,Adamson,0,1
SEC61G_pDS440,True,200,650,True,50,650,Adamson,0,0
SEC63_pDS218,True,200,654,False,50,654,Adamson,0,1
SEL1L_pDS373,True,200,443,True,50,443,Adamson,0,0
SLC35B1_pDS046,False,200,621,False,50,621,Adamson,1,1
SLC39A7_pDS219,True,200,601,True,50,601,Adamson,0,0
SLMO2_pDS433,True,200,637,True,50,637,Adamson,0,0
SOCS1_pDS479,True,200,450,False,50,450,Adamson,0,1
SPCS2_pDS401,True,200,587,False,50,587,Adamson,0,1
SPCS3_pDS402,True,200,647,True,50,647,Adamson,0,0
SRP68_pDS403,True,200,699,True,50,699,Adamson,0,0
SRP72_pDS505,True,200,520,False,50,520,Adamson,0,1
SRPRB_pDS404,True,200,703,True,50,703,Adamson,0,0
SRPR_pDS482,True,200,591,True,50,591,Adamson,0,0
STT3A_pDS011,False,200,499,False,50,499,Adamson,1,1
SYVN1_pDS442,True,200,650,False,50,650,Adamson,0,1
TARS_pDS405,True,400,803,True,50,803,Adamson,0,0
TELO2_pDS496,True,200,691,False,50,691,Adamson,0,1
TIMM23_pDS284,True,200,757,True,50,757,Adamson,0,0
TIMM44_pDS430,True,200,590,True,50,590,Adamson,0,0
TMED10_pDS036,True,200,626,False,50,626,Adamson,0,1
TMED2_pDS175,True,200,505,False,50,505,Adamson,0,1
TMEM167A_pDS038,True,200,468,True,50,468,Adamson,0,0
TTI1_pDS407,True,200,526,True,50,526,Adamson,0,0
TTI2_pDS408,True,200,653,False,50,653,Adamson,0,1
UFL1_pDS410,True,200,585,False,50,585,Adamson,0,1
UFM1_pDS040,False,200,692,False,50,692,Adamson,1,1
XRN1_pDS411,True,200,788,False,50,788,Adamson,0,1
YIPF5_pDS186,True,400,817,True,50,817,Adamson,0,0
YIPF5_pDS226,True,200,574,True,50,574,Adamson,0,0
