dataset,pert,rank_T100,score,pilot_cells,method
Replogle,RPL3,0,0.29279521990983975,25,Learned effect
Replogle,NCBP2,1,0.9840676914021997,25,Learned effect
Replogle,KIF11,0,0.20518593717446043,25,Learned effect
Replogle,SLC39A9,0,0.22448253030552662,25,Learned effect
Replogle,DONSON,1,0.8867815681972151,25,Learned effect
Replogle,NUP205,0,0.1749386956676701,25,Learned effect
Replogle,GAB2,1,0.9248450274827835,25,Learned effect
Replogle,BUB1,0,0.2522826276445184,25,Learned effect
Replogle,SNX15,0,0.4084978392744081,25,Learned effect
Replogle,CPSF3,1,0.5027593499989825,25,Learned effect
Replogle,CHMP6,1,0.8742126000513704,25,Learned effect
Replogle,RRM2,0,0.33193398533810325,25,Learned effect
Replogle,MED12,1,0.9996438314990073,25,Learned effect
Replogle,SSRP1,1,0.8224585531363666,25,Learned effect
Replogle,BCR,1,0.8865105160515794,25,Learned effect
Replogle,PSMD6,1,0.9302127125401431,25,Learned effect
Replogle,PMPCB,1,0.7458671206770529,25,Learned effect
Replogle,MED19,1,0.9984903864107719,25,Learned effect
Replogle,ORC1,1,0.6831854243100496,25,Learned effect
Replogle,TSR2,1,0.9806855518434061,25,Learned effect
Replogle,MED10,1,0.9806655631610406,25,Learned effect
Replogle,SON,1,0.7767605573742457,25,Learned effect
Replogle,NUP98,1,0.48402403650300374,25,Learned effect
Replogle,NRDE2,1,0.6809173568212493,25,Learned effect
Replogle,NUF2,0,0.24874566867812437,25,Learned effect
Replogle,SF3B2,1,0.2981735379085495,25,Learned effect
Replogle,PCF11,1,0.6546773844635855,25,Learned effect
Replogle,ARGLU1,1,0.28881719909473136,25,Learned effect
Replogle,TIMM23B,1,0.9843927672978058,25,Learned effect
Replogle,SLC1A5,0,0.17779977783202572,25,Learned effect
Replogle,RPS12,1,0.9280817537723586,25,Learned effect
Replogle,RPA1,0,0.22411404626753945,25,Learned effect
Replogle,EIF2B5,1,0.6796019611030172,25,Learned effect
Replogle,LSM6,1,0.7546832031364298,25,Learned effect
Replogle,RPL24,1,0.9814168010419521,25,Learned effect
Replogle,MZT1,0,0.5008297780437062,25,Learned effect
Replogle,PPP2R1A,1,0.2930645372808377,25,Learned effect
Replogle,KRR1,1,0.82779641585992,25,Learned effect
Replogle,ATP6V1B2,1,0.37456748745413526,25,Learned effect
Replogle,PSMG3,0,0.21762658269157498,25,Learned effect
Replogle,HSPA5,1,0.8561337844551058,25,Learned effect
Replogle,SRSF11,0,0.18257660442355167,25,Learned effect
Replogle,ZMAT2,0,0.28709985135007754,25,Learned effect
Replogle,GTF2H1,1,0.7053240530664604,25,Learned effect
Replogle,CSE1L,1,0.669018074772992,25,Learned effect
Replogle,PSMC2,1,0.9376215009858754,25,Learned effect
Replogle,GPS1,1,0.32063459032931746,25,Learned effect
Replogle,ICE1,0,0.34991844921888665,25,Learned effect
Replogle,TRRAP,1,0.9222289689285957,25,Learned effect
Replogle,ANAPC15,0,0.21659816099063045,25,Learned effect
Replogle,RPS19,1,0.9802263047978683,25,Learned effect
Replogle,ESPN,0,0.15173576712490341,25,Learned effect
Replogle,HSPA9,1,0.9999149365545076,25,Learned effect
Replogle,PHB2,1,0.9994842013884911,25,Learned effect
Replogle,NLE1,1,0.846846923259492,25,Learned effect
Replogle,PHAX,0,0.27140811744604765,25,Learned effect
Replogle,POLR2A,1,0.6750030517717915,25,Learned effect
Replogle,BUB3,1,0.4098286309985819,25,Learned effect
Replogle,SUPT5H,1,0.9999206310433866,25,Learned effect
Replogle,RARS,1,0.8030262385808781,25,Learned effect
Replogle,PSMB7,1,0.5083101392668165,25,Learned effect
Replogle,RPS29,1,0.7177813858137493,25,Learned effect
Replogle,SNRPG,1,0.3383503060327559,25,Learned effect
Replogle,QARS,1,0.6552081091078505,25,Learned effect
Replogle,RPAP2,1,0.9072958428223178,25,Learned effect
Replogle,RPL23,1,0.9953509804411419,25,Learned effect
Replogle,DNAJC19,1,0.9944452551286679,25,Learned effect
Replogle,FAM32A,1,0.7502377191919105,25,Learned effect
Replogle,PSMA4,1,0.8205783514870826,25,Learned effect
Replogle,RPL11,1,0.9149698184071601,25,Learned effect
Replogle,RPL37A,1,0.9115781188713172,25,Learned effect
Replogle,RPL8,1,0.9586847106643447,25,Learned effect
Replogle,RPL37,1,0.6403922903302663,25,Learned effect
Replogle,SF3B3,1,0.46550206927864646,25,Learned effect
Replogle,CADM4,0,0.11792955172276459,25,Learned effect
Replogle,PRODH,0,0.1923311298261714,25,Learned effect
Replogle,EIF3A,1,0.966293722701671,25,Learned effect
Replogle,PSTK,0,0.14213321984430421,25,Learned effect
Replogle,SLC7A5,1,0.3407858250115045,25,Learned effect
Replogle,PSMD7,1,0.9812456785998871,25,Learned effect
Replogle,PSMA3,1,0.7976816939544613,25,Learned effect
Replogle,EIF4G1,1,0.7555044344572491,25,Learned effect
Replogle,EIF3H,1,0.702338550375613,25,Learned effect
Replogle,NAA38,1,0.7563238293366994,25,Learned effect
Replogle,CDC27,0,0.43864317808312964,25,Learned effect
Replogle,KPNB1,1,0.3106353988354977,25,Learned effect
Replogle,RPL30,1,0.9803476082196552,25,Learned effect
Replogle,WDR3,1,0.8544915499129236,25,Learned effect
Replogle,EGLN2,0,0.33089093769904565,25,Learned effect
Replogle,TPX2,1,0.9189704458022552,25,Learned effect
Replogle,DHX15,1,0.8259466074443701,25,Learned effect
Replogle,LSM2,1,0.817828059238096,25,Learned effect
Replogle,EIF4E,1,0.8496852074185551,25,Learned effect
Replogle,INTS2,1,0.9996886739632758,25,Learned effect
Replogle,NACA,1,0.9104116104906407,25,Learned effect
Replogle,PSMD4,1,0.79561469296923,25,Learned effect
Replogle,GNL2,1,0.8977613156300114,25,Learned effect
Replogle,KRT8,0,0.37636925192441656,25,Learned effect
Replogle,CDK1,1,0.9953857241017718,25,Learned effect
Replogle,WDR4,0,0.4703331069858394,25,Learned effect
Replogle,RPL4,1,0.9771479822664115,25,Learned effect
Replogle,OXA1L,1,0.6973122943089366,25,Learned effect
Replogle,COG2,0,0.19146199395042046,25,Learned effect
Replogle,EIF4G2,0,0.2685182954579468,25,Learned effect
Replogle,HIRA,0,0.12829840337688356,25,Learned effect
Replogle,SMC4,1,0.995727433281875,25,Learned effect
Replogle,POLR2F,1,0.8053942729218946,25,Learned effect
Replogle,RPL13,1,0.9475030509106994,25,Learned effect
Replogle,DPH1,0,0.23923462162301665,25,Learned effect
Replogle,HNRNPC,1,0.6812146109134846,25,Learned effect
Replogle,ARCN1,1,0.6038773239263892,25,Learned effect
Replogle,SF3A1,0,0.3744997570069764,25,Learned effect
Replogle,CNOT3,1,0.6822725613079965,25,Learned effect
Replogle,VPS41,0,0.14587189202343673,25,Learned effect
Replogle,BDP1,1,0.855718942444315,25,Learned effect
Replogle,ZNF718,0,0.2570715852158535,25,Learned effect
Replogle,RPL34,1,0.9731703392915321,25,Learned effect
Replogle,ABCF1,1,0.36008628666921527,25,Learned effect
Replogle,DHX16,1,0.6409022597308712,25,Learned effect
Replogle,CCNK,0,0.2964832530857366,25,Learned effect
Replogle,RIOK1,1,0.8057993613283476,25,Learned effect
Replogle,FBXO5,0,0.810043860303951,25,Learned effect
Replogle,EIF2B4,1,0.8965671098880598,25,Learned effect
Replogle,INTS8,1,0.9959332742300442,25,Learned effect
Replogle,EEF2,1,0.5035817972401028,25,Learned effect
Replogle,VPS54,0,0.18628825292881188,25,Learned effect
Replogle,SF3A2,1,0.5220141938888009,25,Learned effect
Replogle,POLR2B,1,0.9930590316452845,25,Learned effect
Replogle,ALYREF,0,0.23624867508292383,25,Learned effect
Replogle,SMN2,1,0.5679016636155707,25,Learned effect
Replogle,EIF2B2,1,0.8262499996114455,25,Learned effect
Replogle,LTV1,1,0.9700711798496873,25,Learned effect
Replogle,PSMC1,1,0.9894776152416879,25,Learned effect
Replogle,NUP107,1,0.43284594294506007,25,Learned effect
Replogle,UQCRC1,0,0.16082180972145838,25,Learned effect
Replogle,CACNB3,0,0.12800852709222243,25,Learned effect
Replogle,CKAP5,0,0.3282175483536073,25,Learned effect
Replogle,RPS15A,1,0.8808812861902082,25,Learned effect
Replogle,ZNF574,0,0.3719830155590018,25,Learned effect
Replogle,DDX47,1,0.9693787231842306,25,Learned effect
Replogle,WBP11,1,0.4085231589798199,25,Learned effect
Replogle,DLD,1,0.4771772691452296,25,Learned effect
Replogle,RPS28,1,0.7044160354471266,25,Learned effect
Replogle,RPL18,1,0.9841443120506838,25,Learned effect
Replogle,SRRT,1,0.9826062188515418,25,Learned effect
Replogle,PCID2,0,0.19860195038812217,25,Learned effect
Replogle,SIN3A,0,0.22756919024555575,25,Learned effect
Replogle,LIN54,0,0.1598514852344343,25,Learned effect
Replogle,SART1,1,0.8747950316498181,25,Learned effect
Replogle,FOLR3,0,0.24449432934826282,25,Learned effect
Replogle,SLC25A10,1,0.7993906950248998,25,Learned effect
Replogle,RAB4A,0,0.25807084763198745,25,Learned effect
Replogle,SFPQ,1,0.9135800016004754,25,Learned effect
Replogle,RPL7,1,0.9887550383551075,25,Learned effect
Replogle,DYNC1I2,0,0.4222184967310992,25,Learned effect
Replogle,AATF,1,0.7553778580626028,25,Learned effect
Replogle,NCL,0,0.20020962253785307,25,Learned effect
Replogle,CHEK1,1,0.328135780064489,25,Learned effect
Replogle,RPL31,1,0.9943956061606388,25,Learned effect
Replogle,DNAJA1,0,0.1412911136426622,25,Learned effect
Replogle,DDX41,1,0.5090643373127894,25,Learned effect
Replogle,NUP160,1,0.2388866025667143,25,Learned effect
Replogle,NUP54,1,0.6528908132755703,25,Learned effect
Replogle,DYNC1H1,0,0.3138514013346462,25,Learned effect
Replogle,AHCTF1,0,0.14838960623664585,25,Learned effect
Replogle,U2SURP,1,0.9539782423546632,25,Learned effect
Replogle,MED22,1,0.9976689722701303,25,Learned effect
Replogle,IK,0,0.3610427556603337,25,Learned effect
Replogle,HARS,1,0.9699287638496764,25,Learned effect
Replogle,SUPT6H,1,0.9998942311842022,25,Learned effect
Replogle,MED30,1,0.9998968931609127,25,Learned effect
Replogle,LIMS1,0,0.16605353771090647,25,Learned effect
Replogle,KAT8,1,0.47322490442220977,25,Learned effect
Replogle,UBA1,1,0.9199172632438599,25,Learned effect
Replogle,DDX24,1,0.9082198146512834,25,Learned effect
Replogle,PELO,0,0.1891313107133533,25,Learned effect
Replogle,WDR36,1,0.8501508147315116,25,Learned effect
Replogle,DDX19B,0,0.2710198502131324,25,Learned effect
Replogle,ASF1B,0,0.2003513929564918,25,Learned effect
Replogle,NUMA1,1,0.2275847718832865,25,Learned effect
Replogle,ZNF207,1,0.3363882702767336,25,Learned effect
Replogle,DYNLRB1,0,0.2663910581385486,25,Learned effect
Replogle,CENPJ,1,0.8624184856063266,25,Learned effect
Replogle,PSMD1,1,0.30122997022037423,25,Learned effect
Replogle,POLR2D,1,0.5902961230288533,25,Learned effect
Replogle,IGBP1,1,0.5296563435317871,25,Learned effect
Replogle,GOLT1B,0,0.30823850187102514,25,Learned effect
Replogle,GUCD1,0,0.3301990563394681,25,Learned effect
Replogle,NIP7,1,0.672444644868995,25,Learned effect
Replogle,DNAJC8,0,0.33154262363086656,25,Learned effect
Replogle,GPN3,1,0.9873386958578554,25,Learned effect
Replogle,RPS9,1,0.9748571469951842,25,Learned effect
Replogle,USP7,0,0.13158514737044397,25,Learned effect
Replogle,RPS3,1,0.9943417595781332,25,Learned effect
Replogle,RPL10,1,0.9754542114583464,25,Learned effect
Replogle,TSEN34,0,0.12236478164784965,25,Learned effect
Replogle,TREX2,0,0.3927060912592194,25,Learned effect
Replogle,RPL6,1,0.9982097027488497,25,Learned effect
Replogle,PRELID3B,1,0.9975525837367633,25,Learned effect
Replogle,RPS20,1,0.9292044414519465,25,Learned effect
Replogle,MED7,1,0.9992357882096806,25,Learned effect
Replogle,NOL11,1,0.9386581756865144,25,Learned effect
Replogle,PSMB5,1,0.7882530781664198,25,Learned effect
Replogle,CNOT1,1,0.9661544221767213,25,Learned effect
Replogle,CDK11A,0,0.09889271426201159,25,Learned effect
Replogle,SNRPB,0,0.32270704762218333,25,Learned effect
Replogle,DHX36,1,0.7753967952519313,25,Learned effect
Replogle,RPS11,1,0.9673134436135296,25,Learned effect
Replogle,PRPF18,1,0.8733176638745624,25,Learned effect
Replogle,PTCD1,1,0.2803847230547977,25,Learned effect
Replogle,TEAD3,0,0.11290055167452301,25,Learned effect
Replogle,RPS7,1,0.9913119303469949,25,Learned effect
Replogle,NAGLU,0,0.28648366932069885,25,Learned effect
Replogle,PMF1,1,0.3055672711085968,25,Learned effect
Replogle,PSMD12,1,0.726652741961584,25,Learned effect
Replogle,DNTTIP2,1,0.9122242265683146,25,Learned effect
Replogle,RPL21,1,0.8679708586156402,25,Learned effect
Replogle,COPS4,1,0.28164561330653537,25,Learned effect
Replogle,CRNKL1,0,0.14949400572483298,25,Learned effect
Replogle,COPG1,0,0.10665486429371716,25,Learned effect
Replogle,ANKRD11,1,0.9829155138583985,25,Learned effect
Replogle,CHORDC1,0,0.3021072139713639,25,Learned effect
Replogle,PFN1,0,0.27674031858133813,25,Learned effect
Replogle,HNRNPM,0,0.4467877182435991,25,Learned effect
Replogle,PDCD6IP,0,0.1795107055227407,25,Learned effect
Replogle,RPL10A,1,0.8628614067976829,25,Learned effect
Replogle,PHB,1,0.9996886857668421,25,Learned effect
Replogle,GARS,1,0.32125588657398885,25,Learned effect
Replogle,CIAO1,0,0.3656665120627455,25,Learned effect
Replogle,HSPA8,1,0.5234309558558193,25,Learned effect
Replogle,RPL12,1,0.932629214489043,25,Learned effect
Replogle,XRCC1,0,0.2342643597591299,25,Learned effect
Replogle,MED1,1,0.9986851625116578,25,Learned effect
Replogle,BOP1,0,0.28617412597598413,25,Learned effect
Replogle,CCDC86,1,0.7432432803094627,25,Learned effect
Replogle,ACTR8,1,0.5939896567088402,25,Learned effect
Replogle,NXF1,0,0.19644486455212856,25,Learned effect
Replogle,CCT4,0,0.5097639924528898,25,Learned effect
Replogle,DENR,0,0.22714113579636228,25,Learned effect
Norman,KLF1,1,0.9286442951582828,25,Learned effect
Norman,BAK1,0,0.7010757792420494,25,Learned effect
Norman,CEBPE,1,0.9551378481092353,25,Learned effect
Norman,CEBPE_RUNX1T1,1,0.8503721585433788,25,Learned effect
Norman,UBASH3B,0,0.7205285001059002,25,Learned effect
Norman,ETS2,1,0.8992793236314232,25,Learned effect
Norman,TBX3_TBX2,1,0.9011008675044723,25,Learned effect
Norman,OSR2,1,0.8226800507301286,25,Learned effect
Norman,SLC4A1,0,0.8707859122612348,25,Learned effect
Norman,SET,1,0.997996326734303,25,Learned effect
Norman,ELMSAN1,1,0.8376520707739381,25,Learned effect
Norman,ETS2_CNN1,1,0.8060765326642423,25,Learned effect
Norman,MAP2K6,1,0.8041482794683971,25,Learned effect
Norman,FOXF1,0,0.7175653156927626,25,Learned effect
Norman,C19orf26,1,0.7855701882327942,25,Learned effect
Norman,FOXA1,1,0.7922963278078922,25,Learned effect
Norman,UBASH3A,1,0.7651875965940512,25,Learned effect
Norman,UBASH3B_OSR2,0,0.3803980398279134,25,Learned effect
Norman,DUSP9_ETS2,1,0.9872516282167818,25,Learned effect
Norman,RUNX1T1,0,0.5591408457860179,25,Learned effect
Norman,MEIS1,1,0.7157947916765164,25,Learned effect
Norman,CNN1,1,0.7531096215740433,25,Learned effect
Norman,MAPK1,1,0.909464482065696,25,Learned effect
Norman,MAP7D1,0,0.668490432762991,25,Learned effect
Norman,ZBTB25,1,0.5959795563158695,25,Learned effect
Norman,DLX2,1,0.6823017444302558,25,Learned effect
Norman,DUSP9,1,0.9861079528877202,25,Learned effect
Norman,FEV,1,0.9977833772048335,25,Learned effect
Norman,HOXB9,1,0.9888361583794378,25,Learned effect
Norman,ZBTB1,1,0.9757013501486129,25,Learned effect
Norman,TBX3,1,0.778090074126028,25,Learned effect
Norman,TBX2,0,0.651097405010395,25,Learned effect
Norman,PRTG,1,0.9076977899471413,25,Learned effect
Norman,IKZF3,1,0.9996300548189015,25,Learned effect
Norman,CLDN6,1,0.876203460936329,25,Learned effect
Norman,SET_KLF1,1,0.9728349877534175,25,Learned effect
Norman,CBL,1,0.7600345748762917,25,Learned effect
Norman,SET_CEBPE,1,0.8904993027428406,25,Learned effect
Norman,CBFA2T3,1,0.4774850978492638,25,Learned effect
Norman,FOXL2,1,0.9752212857297294,25,Learned effect
Norman,ZNF318,1,0.8597129028721765,25,Learned effect
Norman,LHX1_ELMSAN1,1,0.918665882242065,25,Learned effect
Norman,TGFBR2,0,0.5842874640708831,25,Learned effect
Norman,KIF2C,1,0.4224718257452694,25,Learned effect
Norman,FOSB,1,0.7565762437190138,25,Learned effect
Norman,MAML2,0,0.8105396033168929,25,Learned effect
Norman,LYL1_IER5L,1,0.9989864311396189,25,Learned effect
Norman,ZC3HAV1_HOXC13,1,0.927033282770305,25,Learned effect
Norman,IGDCC3,1,0.8423442729840853,25,Learned effect
Norman,SPI1,1,0.9700361213893619,25,Learned effect
Norman,COL2A1,1,0.9457211392976601,25,Learned effect
Norman,ISL2,1,0.49173584238322565,25,Learned effect
Norman,BCL2L11,0,0.5795015223215068,25,Learned effect
Norman,MAP2K3_ELMSAN1,1,0.9995207648071788,25,Learned effect
Norman,MAP2K3,1,0.9515456118223351,25,Learned effect
Norman,MAP2K3_MAP2K6,1,0.998256605457603,25,Learned effect
Norman,SLC6A9,1,0.7816559507053088,25,Learned effect
Norman,AHR,1,0.9820859895343287,25,Learned effect
Norman,UBASH3B_UBASH3A,1,0.89356632576003,25,Learned effect
Norman,CDKN1B,1,0.9901807395088971,25,Learned effect
Norman,TMSB4X,1,0.9984961799026534,25,Learned effect
Norman,S1PR2,1,0.8487708814006891,25,Learned effect
Norman,BCORL1,1,0.7308442010796214,25,Learned effect
Norman,ZC3HAV1,0,0.8132549533848827,25,Learned effect
Norman,MAPK1_PRTG,0,0.6333262434158942,25,Learned effect
Norman,SAMD1,1,0.9699909108431444,25,Learned effect
Norman,MAPK1_TGFBR2,1,0.6651964037933769,25,Learned effect
Norman,ARRDC3,0,0.4342321611342859,25,Learned effect
Norman,FOXA3,1,0.7077312760083591,25,Learned effect
Norman,CEBPB,1,0.9334424635649472,25,Learned effect
Norman,SGK1,1,0.9737909205509987,25,Learned effect
Norman,AHR_KLF1,1,0.6052981948129608,25,Learned effect
Norman,CSRNP1,1,0.9160913018479003,25,Learned effect
Norman,CELF2,0,0.21657259264426967,25,Learned effect
Norman,CNNM4,1,0.6187934750066707,25,Learned effect
Norman,CEBPE_KLF1,0,0.5801362808672736,25,Learned effect
Norman,SNAI1,1,0.6129559694689847,25,Learned effect
Norman,BPGM,1,0.6600631409715021,25,Learned effect
Norman,GLB1L2,0,0.4571482573272534,25,Learned effect
Norman,BCL2L11_TGFBR2,0,0.42518360332289845,25,Learned effect
Norman,CEBPA,1,0.9999758495459676,25,Learned effect
Norman,ETS2_MAPK1,1,0.9996438071526771,25,Learned effect
Norman,MAP2K6_ELMSAN1,1,0.9852016228432755,25,Learned effect
Norman,PTPN12,1,0.6199533183881202,25,Learned effect
Norman,PTPN9,1,0.6615744804262562,25,Learned effect
Norman,ETS2_PRTG,1,0.7587430056071659,25,Learned effect
Norman,ETS2_IKZF3,1,0.9998675123841408,25,Learned effect
Norman,IRF1_SET,1,0.9989279594451854,25,Learned effect
Norman,ETS2_IGDCC3,0,0.4445386957479807,25,Learned effect
Norman,TSC22D1,0,0.7244226629847044,25,Learned effect
Norman,LYL1,1,0.5665759058468738,25,Learned effect
Norman,IRF1,1,0.7620756784328467,25,Learned effect
Norman,FOSB_UBASH3B,0,0.4549351988848285,25,Learned effect
Norman,PTPN1,1,0.8888921084979426,25,Learned effect
Norman,CEBPE_PTPN12,1,0.7334763975452108,25,Learned effect
Norman,CEBPB_MAPK1,1,0.9859828901337062,25,Learned effect
Norman,CBL_UBASH3B,1,0.97478767920119,25,Learned effect
Norman,ZC3HAV1_CEBPE,0,0.5658067571161468,25,Learned effect
Norman,IER5L,1,0.9092188985968968,25,Learned effect
Norman,UBASH3B_CNN1,1,0.9980212734795826,25,Learned effect
Norman,CNN1_MAPK1,1,0.8610782867371557,25,Learned effect
Norman,KLF1_BAK1,0,0.7305363603748489,25,Learned effect
Norman,HOXC13,1,0.9991844328373902,25,Learned effect
Norman,FOSB_OSR2,1,0.9893441252626077,25,Learned effect
Norman,DUSP9_IGDCC3,1,0.9990257490163101,25,Learned effect
Norman,ATL1,1,0.9224443960865816,25,Learned effect
Norman,LHX1,1,0.975881165475838,25,Learned effect
Norman,IGDCC3_MAPK1,0,0.5610969548254093,25,Learned effect
Norman,MAP4K5,0,0.3868901189999014,25,Learned effect
Norman,DUSP9_KLF1,1,0.9965000624792912,25,Learned effect
Norman,PTPN12_PTPN9,1,0.9428348866345891,25,Learned effect
Norman,MAP4K3,0,0.441828981231309,25,Learned effect
Norman,KLF1_FOXA1,1,0.7430666658742727,25,Learned effect
Norman,CDKN1A,1,0.9983482195987202,25,Learned effect
Norman,POU3F2,1,0.9880903901817096,25,Learned effect
Norman,SGK1_S1PR2,1,0.9944977524298911,25,Learned effect
Norman,BPGM_ZBTB1,1,0.9671125900278065,25,Learned effect
Norman,ETS2_CEBPE,1,0.9920099913626249,25,Learned effect
Norman,SAMD1_PTPN12,1,0.9994468084960737,25,Learned effect
Norman,SGK1_TBX2,1,0.9952364501542845,25,Learned effect
Norman,CBL_CNN1,1,0.9988597518695013,25,Learned effect
Norman,FOSB_PTPN12,1,0.46500073095068967,25,Learned effect
Norman,PTPN12_OSR2,0,0.45874333711833964,25,Learned effect
Norman,MAP2K3_SLC38A2,1,0.4496104340045177,25,Learned effect
Norman,KLF1_TGFBR2,1,0.3816514421923872,25,Learned effect
Norman,CBL_PTPN12,1,0.9578094569131177,25,Learned effect
Norman,SLC38A2,0,0.3227847648172138,25,Learned effect
Norman,RREB1,0,0.7028464682847622,25,Learned effect
Norman,CEBPB_PTPN12,1,0.9477781507250684,25,Learned effect
Norman,TMSB4X_BAK1,1,0.997401953348744,25,Learned effect
Norman,FOXA3_HOXB9,1,0.9999236616063114,25,Learned effect
Norman,COL1A1,1,0.8847098651653428,25,Learned effect
Norman,RHOXF2,1,0.9999394194305958,25,Learned effect
Norman,UBASH3B_PTPN9,1,0.9906386120711339,25,Learned effect
Norman,TGFBR2_C19orf26,1,0.9766034993936042,25,Learned effect
Norman,ETS2_MAP7D1,1,0.9373463445772559,25,Learned effect
Norman,EGR1,1,0.5680304728427089,25,Learned effect
Norman,RHOXF2_SET,1,0.9996103768364357,25,Learned effect
Norman,TGFBR2_ETS2,0,0.3286230905263223,25,Learned effect
Norman,PTPN12_UBASH3A,1,0.9935097026224367,25,Learned effect
Norman,KLF1_CEBPA,1,0.9987147737758639,25,Learned effect
Norman,STIL,1,0.7590803701353881,25,Learned effect
Norman,POU3F2_FOXL2,1,0.999990574925197,25,Learned effect
Norman,CBL_PTPN9,1,0.9777366578810868,25,Learned effect
Norman,PTPN12_ZBTB25,1,0.9815259174782268,25,Learned effect
Norman,HK2,1,0.8522798280701857,25,Learned effect
Norman,MAP2K6_SPI1,1,0.8101771038766162,25,Learned effect
Norman,MAPK1_IKZF3,1,0.9889593039545018,25,Learned effect
Norman,BPGM_SAMD1,1,0.9872800359214315,25,Learned effect
Norman,TGFBR2_IGDCC3,1,0.8673519572170121,25,Learned effect
Norman,MAP2K6_IKZF3,1,0.9993041275447341,25,Learned effect
Norman,SGK1_TBX3,1,0.9996232119386127,25,Learned effect
Norman,SNAI1_UBASH3B,1,0.9198922925375886,25,Learned effect
Norman,UBASH3B_PTPN12,1,0.9811735991571486,25,Learned effect
Norman,KLF1_COL2A1,1,0.9399152237555378,25,Learned effect
Norman,MIDN,1,0.9956241013275214,25,Learned effect
Norman,PRDM1,1,0.9997931271072981,25,Learned effect
Norman,DUSP9_PRTG,1,0.9981367132822044,25,Learned effect
Norman,FOXA1_HOXB9,1,0.9999078275151747,25,Learned effect
Norman,DUSP9_MAPK1,1,0.506451693135621,25,Learned effect
Norman,FEV_ISL2,1,0.9999996866181936,25,Learned effect
Norman,PTPN12_SNAI1,1,0.9857302447296716,25,Learned effect
Norman,KIAA1804,1,0.7137134530624314,25,Learned effect
Norman,FEV_MAP7D1,1,0.99980973668456,25,Learned effect
Norman,AHR_FEV,1,0.9999999783170763,25,Learned effect
Norman,HOXA13,1,0.9999952975223612,25,Learned effect
Norman,FOXA1_FOXF1,1,0.973641388579322,25,Learned effect
Norman,PTPN13,1,0.621115606611673,25,Learned effect
Norman,JUN,1,0.9935819927292422,25,Learned effect
Norman,ZBTB10_PTPN12,1,0.998387378844705,25,Learned effect
Norman,TGFBR2_PRTG,1,0.9129317270102557,25,Learned effect
Norman,C3orf72,1,0.9749367583035098,25,Learned effect
Norman,KLF1_MAP2K6,1,0.9734114967499982,25,Learned effect
Norman,RHOXF2_ZBTB25,1,0.9998542714679881,25,Learned effect
Norman,MAP2K3_IKZF3,1,0.9988207873019932,25,Learned effect
Norman,UBASH3B_ZBTB25,1,0.9422987181767676,25,Learned effect
Norman,KIF18B,0,0.638190711220881,25,Learned effect
Adamson,63(mod)_pBA580,1,0.5322020533541835,25,Learned effect
Adamson,Gal4-4(mod)_pBA582,0,0.32969830634696,25,Learned effect
Adamson,IER3IP1_pDS002,0,0.5882223180282861,25,Learned effect
Adamson,SEC61B_pDS033,0,0.5140165696719586,25,Learned effect
Adamson,ASCC3_pDS052,0,0.809438027865078,25,Learned effect
Adamson,DNAJC19_pDS026,1,0.988941977044311,25,Learned effect
Adamson,HSPA9_pDS088,1,0.997854681972031,25,Learned effect
Adamson,HSPA5_pDS017,1,0.9532075417460905,25,Learned effect
Adamson,SAMM50_pDS156,1,0.6969426031807927,25,Learned effect
Adamson,YIPF5_pDS186,0,0.5097447683987792,25,Learned effect
Adamson,TARS_pDS405,0,0.6332291079140432,25,Learned effect
Adamson,XRN1_pDS411,1,0.9160794662974125,25,Learned effect
Adamson,GBF1_pDS043,0,0.6013452431694197,25,Learned effect
Adamson,TIMM23_pDS284,0,0.45761304557294546,25,Learned effect
Adamson,DAD1_pDS499,0,0.3277897861617455,25,Learned effect
Adamson,SEC61A1_pDS032,1,0.7879733486676748,25,Learned effect
Adamson,AMIGO3_pDS434,0,0.22755928348191207,25,Learned effect
Adamson,SRPRB_pDS404,0,0.6041413199649753,25,Learned effect
Adamson,SRP68_pDS403,0,0.4985133332719345,25,Learned effect
Adamson,UFM1_pDS040,0,0.7280475305790108,25,Learned effect
Adamson,TELO2_pDS496,1,0.9622696609373892,25,Learned effect
Adamson,FECH_pDS494,1,0.9222532904991494,25,Learned effect
Adamson,MRPL39_pDS498,1,0.5408097276924568,25,Learned effect
Adamson,IARS2_pDS091,1,0.9973761373144041,25,Learned effect
Adamson,SCYL1_pDS160,0,0.49510240386550086,25,Learned effect
Adamson,DARS_pDS495,0,0.49692205277860835,25,Learned effect
Adamson,IDH3A_pDS393,0,0.4981904068925359,25,Learned effect
Adamson,DERL2_pDS042,0,0.4398379499000716,25,Learned effect
Adamson,SEC63_pDS218,1,0.42714772889498853,25,Learned effect
Adamson,TTI2_pDS408,0,0.8610928837421078,25,Learned effect
Adamson,SEC61G_pDS440,0,0.5671712807904512,25,Learned effect
Adamson,SYVN1_pDS442,0,0.5006171277145445,25,Learned effect
Adamson,SPCS3_pDS402,0,0.5336629498609704,25,Learned effect
Adamson,OST4_pDS353,0,0.5109260521897115,25,Learned effect
Adamson,ATP5B_pDS055,1,0.6992888634857839,25,Learned effect
Adamson,SLMO2_pDS433,1,0.8609676078795742,25,Learned effect
Adamson,FARSB_pDS390,1,0.8692186524778502,25,Learned effect
Adamson,TMED10_pDS036,0,0.39012392497315485,25,Learned effect
Adamson,PSMD4_pDS488,1,0.9999997724016211,25,Learned effect
Adamson,EIF2B4_pDS491,1,0.9344107999231485,25,Learned effect
Adamson,SLC35B1_pDS046,0,0.5571188390983318,25,Learned effect
Adamson,EIF2B2_pDS463,1,0.9451169138429762,25,Learned effect
Adamson,ASCC3_pDS051,1,0.8448446232602186,25,Learned effect
Adamson,DDRGK1_pDS041,0,0.5103105785682995,25,Learned effect
Adamson,GMPPB_pDS391,0,0.45031219629586083,25,Learned effect
Adamson,SLC39A7_pDS219,0,0.6826197675038561,25,Learned effect
Adamson,SRPR_pDS482,0,0.5001355638797256,25,Learned effect
Adamson,TIMM44_pDS430,1,0.9531288395905058,25,Learned effect
Adamson,SPCS2_pDS401,1,0.5800033046603473,25,Learned effect
Adamson,UFL1_pDS410,1,0.7192946767794124,25,Learned effect
Adamson,PDIA6_pDS029,1,0.7424423048088522,25,Learned effect
Adamson,IER3IP1_pDS110,0,0.339726953835643,25,Learned effect
Adamson,YIPF5_pDS226,0,0.43259256603255697,25,Learned effect
Adamson,MRGBP_pDS124,1,0.6533146539387722,25,Learned effect
Adamson,SCYL1_pDS159,1,0.6199218787381379,25,Learned effect
Adamson,P4HB_pDS397,1,0.7517170914119125,25,Learned effect
Adamson,MANF_pDS027,1,0.5545909067936707,25,Learned effect
Adamson,PTDSS1_pDS478,0,0.5277944777152765,25,Learned effect
Adamson,TTI1_pDS407,1,0.9858394779152734,25,Learned effect
Adamson,DNAJC19_pDS074,1,0.8510588885404433,25,Learned effect
Adamson,MARS_pDS394,1,0.9879569391577198,25,Learned effect
Adamson,MTHFD1_pDS395,1,0.9787243789948645,25,Learned effect
Adamson,SRP72_pDS505,1,0.6062990317055625,25,Learned effect
Adamson,EIF2S1_pDS386,1,0.999569198122597,25,Learned effect
Adamson,DHDDS_pDS383,1,0.9024306846892306,25,Learned effect
Adamson,NEDD8_pDS396,1,0.8101117662554685,25,Learned effect
Adamson,TMED2_pDS175,0,0.5809561961704532,25,Learned effect
Adamson,GNPNAT1_pDS506,0,0.540450635699557,25,Learned effect
Adamson,CARS_pDS460,1,0.9997016680343062,25,Learned effect
Adamson,STT3A_pDS011,1,0.5606493248543039,25,Learned effect
Adamson,HYOU1_pDS089,0,0.741236482981563,25,Learned effect
Adamson,ARHGAP22_pDS458,1,0.5856495523069517,25,Learned effect
Adamson,SEC61B_pDS162,0,0.7754643190496133,25,Learned effect
Adamson,CHERP_pDS024,1,0.9981553692100866,25,Learned effect
Adamson,SARS_pDS467,1,0.986772528717089,25,Learned effect
Adamson,TMEM167A_pDS038,0,0.5621334912446834,25,Learned effect
Adamson,KCTD16_pDS096,0,0.7684126465308901,25,Learned effect
Adamson,SEC61A1_pDS031,1,0.7645642005997358,25,Learned effect
Adamson,SOCS1_pDS479,0,0.5539656003512599,25,Learned effect
Adamson,AARS_pDS381,1,0.9983157902493969,25,Learned effect
Adamson,SEL1L_pDS373,0,0.8078291919508293,25,Learned effect
Adamson,IARS2_pDS090,1,0.9673425032931128,25,Learned effect
Adamson,EIF2B3_pDS508,1,0.9755767182262622,25,Learned effect
Adamson,HSD17B12_pDS087,0,0.7694517119919695,25,Learned effect
Adamson,DDOST_pDS382,0,0.4225743825538913,25,Learned effect
Adamson,QARS_pDS510,1,0.9604175988905088,25,Learned effect
Adamson,CCND3_pDS006,1,0.975203615617961,25,Learned effect
Adamson,ATF4_pBA608,0,0.5116629020979303,25,Learned effect
Adamson,HARS_pDS466,1,0.9982325378436345,25,Learned effect
Adamson,HSPA5_pDS371,1,0.9011722870516495,25,Learned effect
Adamson,COPZ1_pDS462,0,0.7037199756560832,25,Learned effect
Adamson,CAD_pDS468,1,0.9972830932202436,25,Learned effect
Replogle,RPL3,0,0.21971783852428428,50,Learned effect
Replogle,NCBP2,1,0.9933153744969955,50,Learned effect
Replogle,KIF11,0,0.20788947995772103,50,Learned effect
Replogle,SLC39A9,0,0.17157985460919803,50,Learned effect
Replogle,DONSON,1,0.9299761027378886,50,Learned effect
Replogle,NUP205,0,0.13767151439067976,50,Learned effect
Replogle,GAB2,1,0.9659311824888968,50,Learned effect
Replogle,BUB1,0,0.15456459804094846,50,Learned effect
Replogle,SNX15,0,0.20678107699845244,50,Learned effect
Replogle,CPSF3,1,0.5526243078151921,50,Learned effect
Replogle,CHMP6,1,0.8491989794140852,50,Learned effect
Replogle,RRM2,0,0.3343757290682364,50,Learned effect
Replogle,MED12,1,0.9999566004895579,50,Learned effect
Replogle,SSRP1,1,0.7872223268846571,50,Learned effect
Replogle,BCR,1,0.9673580720252224,50,Learned effect
Replogle,PSMD6,1,0.967338964204775,50,Learned effect
Replogle,PMPCB,1,0.8604317312443336,50,Learned effect
Replogle,MED19,1,0.9995053598693805,50,Learned effect
Replogle,ORC1,1,0.6979711149908476,50,Learned effect
Replogle,TSR2,1,0.9970125893595102,50,Learned effect
Replogle,MED10,1,0.9950703913639879,50,Learned effect
Replogle,SON,1,0.8275796223889778,50,Learned effect
Replogle,NUP98,1,0.5518563191324405,50,Learned effect
Replogle,NRDE2,1,0.734912095391295,50,Learned effect
Replogle,NUF2,0,0.16568365164454923,50,Learned effect
Replogle,SF3B2,1,0.46789377355051237,50,Learned effect
Replogle,PCF11,1,0.8344879154142202,50,Learned effect
Replogle,ARGLU1,1,0.476131845699581,50,Learned effect
Replogle,TIMM23B,1,0.998877708701192,50,Learned effect
Replogle,SLC1A5,0,0.13947618643987883,50,Learned effect
Replogle,RPS12,1,0.9632882405934966,50,Learned effect
Replogle,RPA1,0,0.45966713108383855,50,Learned effect
Replogle,EIF2B5,1,0.8713148702476747,50,Learned effect
Replogle,LSM6,1,0.8534633223549835,50,Learned effect
Replogle,RPL24,1,0.9973680914985412,50,Learned effect
Replogle,MZT1,0,0.3185958602552276,50,Learned effect
Replogle,PPP2R1A,1,0.5011330028427524,50,Learned effect
Replogle,KRR1,1,0.9508140539876746,50,Learned effect
Replogle,ATP6V1B2,1,0.5212458098003083,50,Learned effect
Replogle,PSMG3,0,0.15746042610832403,50,Learned effect
Replogle,HSPA5,1,0.9641695469093166,50,Learned effect
Replogle,SRSF11,0,0.19010537810949957,50,Learned effect
Replogle,ZMAT2,0,0.22066165542349767,50,Learned effect
Replogle,GTF2H1,1,0.8920561398481641,50,Learned effect
Replogle,CSE1L,1,0.7541490783667848,50,Learned effect
Replogle,PSMC2,1,0.977476217713105,50,Learned effect
Replogle,GPS1,1,0.44935531599455597,50,Learned effect
Replogle,ICE1,0,0.23972890582070122,50,Learned effect
Replogle,TRRAP,1,0.9564197439851165,50,Learned effect
Replogle,ANAPC15,0,0.1423397690246801,50,Learned effect
Replogle,RPS19,1,0.9958748473901606,50,Learned effect
Replogle,ESPN,0,0.0819685814561021,50,Learned effect
Replogle,HSPA9,1,0.9999961224408389,50,Learned effect
Replogle,PHB2,1,0.9999335247207064,50,Learned effect
Replogle,NLE1,1,0.9096313208277919,50,Learned effect
Replogle,PHAX,0,0.22788688714101704,50,Learned effect
Replogle,POLR2A,1,0.7786916780402244,50,Learned effect
Replogle,BUB3,1,0.3747428795302693,50,Learned effect
Replogle,SUPT5H,1,0.999992465650815,50,Learned effect
Replogle,RARS,1,0.6959272127273626,50,Learned effect
Replogle,PSMB7,1,0.5551573375437907,50,Learned effect
Replogle,RPS29,1,0.732597359717799,50,Learned effect
Replogle,SNRPG,1,0.3360247071136532,50,Learned effect
Replogle,QARS,1,0.8406435877400252,50,Learned effect
Replogle,RPAP2,1,0.9812847553356984,50,Learned effect
Replogle,RPL23,1,0.9991129208811758,50,Learned effect
Replogle,DNAJC19,1,0.9992257236015514,50,Learned effect
Replogle,FAM32A,1,0.8555411027210102,50,Learned effect
Replogle,PSMA4,1,0.8841497726510489,50,Learned effect
Replogle,RPL11,1,0.9786944577104975,50,Learned effect
Replogle,RPL37A,1,0.9712063314860967,50,Learned effect
Replogle,RPL8,1,0.9951063315385676,50,Learned effect
Replogle,RPL37,1,0.8346245530001026,50,Learned effect
Replogle,SF3B3,1,0.518641096379787,50,Learned effect
Replogle,CADM4,0,0.1541234809251041,50,Learned effect
Replogle,PRODH,0,0.22654254377123093,50,Learned effect
Replogle,EIF3A,1,0.9962656630186536,50,Learned effect
Replogle,PSTK,0,0.25498226263992724,50,Learned effect
Replogle,SLC7A5,1,0.31361867486688744,50,Learned effect
Replogle,PSMD7,1,0.9864671628793187,50,Learned effect
Replogle,PSMA3,1,0.9162332580239053,50,Learned effect
Replogle,EIF4G1,1,0.8817282761375773,50,Learned effect
Replogle,EIF3H,1,0.8836075715961275,50,Learned effect
Replogle,NAA38,1,0.747824781300698,50,Learned effect
Replogle,CDC27,0,0.2234948181189671,50,Learned effect
Replogle,KPNB1,1,0.24632871527886518,50,Learned effect
Replogle,RPL30,1,0.9843145469407458,50,Learned effect
Replogle,WDR3,1,0.9188491058700918,50,Learned effect
Replogle,EGLN2,0,0.2800692249091218,50,Learned effect
Replogle,TPX2,1,0.9090330188325215,50,Learned effect
Replogle,DHX15,1,0.8650256445698314,50,Learned effect
Replogle,LSM2,1,0.90539830935625,50,Learned effect
Replogle,EIF4E,1,0.9133552770958037,50,Learned effect
Replogle,INTS2,1,0.9999399060061187,50,Learned effect
Replogle,NACA,1,0.975975121968488,50,Learned effect
Replogle,PSMD4,1,0.8077213710693114,50,Learned effect
Replogle,GNL2,1,0.937083573508848,50,Learned effect
Replogle,KRT8,0,0.16145235679349804,50,Learned effect
Replogle,CDK1,1,0.9881687113181544,50,Learned effect
Replogle,WDR4,0,0.17854617445230775,50,Learned effect
Replogle,RPL4,1,0.9957730681096929,50,Learned effect
Replogle,OXA1L,1,0.9144656044693704,50,Learned effect
Replogle,COG2,0,0.2735694631806239,50,Learned effect
Replogle,EIF4G2,0,0.3091148655578862,50,Learned effect
Replogle,HIRA,0,0.20120474652852557,50,Learned effect
Replogle,SMC4,1,0.9994416090627215,50,Learned effect
Replogle,POLR2F,1,0.9461819532788628,50,Learned effect
Replogle,RPL13,1,0.9778678399315813,50,Learned effect
Replogle,DPH1,0,0.1175183441413277,50,Learned effect
Replogle,HNRNPC,1,0.6633428518106579,50,Learned effect
Replogle,ARCN1,1,0.5251838697347075,50,Learned effect
Replogle,SF3A1,0,0.3081852770967711,50,Learned effect
Replogle,CNOT3,1,0.7467807135867037,50,Learned effect
Replogle,VPS41,0,0.14650697552996372,50,Learned effect
Replogle,BDP1,1,0.9488246136724908,50,Learned effect
Replogle,ZNF718,0,0.1801023980482923,50,Learned effect
Replogle,RPL34,1,0.9970577953258082,50,Learned effect
Replogle,ABCF1,1,0.33997941923802344,50,Learned effect
Replogle,DHX16,1,0.775393044104539,50,Learned effect
Replogle,CCNK,0,0.30630360559879816,50,Learned effect
Replogle,RIOK1,1,0.8989387568836404,50,Learned effect
Replogle,FBXO5,0,0.8170933306418963,50,Learned effect
Replogle,EIF2B4,1,0.8742410753702976,50,Learned effect
Replogle,INTS8,1,0.9982148407832306,50,Learned effect
Replogle,EEF2,1,0.5359021227322746,50,Learned effect
Replogle,VPS54,0,0.2995453042694103,50,Learned effect
Replogle,SF3A2,1,0.6538676191908043,50,Learned effect
Replogle,POLR2B,1,0.9930919525727658,50,Learned effect
Replogle,ALYREF,0,0.15990045643491357,50,Learned effect
Replogle,SMN2,1,0.5441423928482931,50,Learned effect
Replogle,EIF2B2,1,0.912319894449895,50,Learned effect
Replogle,LTV1,1,0.9629750749171776,50,Learned effect
Replogle,PSMC1,1,0.99840098916745,50,Learned effect
Replogle,NUP107,1,0.6122165943919409,50,Learned effect
Replogle,UQCRC1,0,0.16306848979235408,50,Learned effect
Replogle,CACNB3,0,0.15458171250415642,50,Learned effect
Replogle,CKAP5,0,0.2283879045591019,50,Learned effect
Replogle,RPS15A,1,0.9736641918850067,50,Learned effect
Replogle,ZNF574,0,0.2761458965979422,50,Learned effect
Replogle,DDX47,1,0.9976122458248047,50,Learned effect
Replogle,WBP11,1,0.7329128344526274,50,Learned effect
Replogle,DLD,1,0.5763490906411386,50,Learned effect
Replogle,RPS28,1,0.9033592663975495,50,Learned effect
Replogle,RPL18,1,0.9971015260020711,50,Learned effect
Replogle,SRRT,1,0.9933981786638347,50,Learned effect
Replogle,PCID2,0,0.18592685675210419,50,Learned effect
Replogle,SIN3A,0,0.20384777421529626,50,Learned effect
Replogle,LIN54,0,0.12347972545501976,50,Learned effect
Replogle,SART1,1,0.9086940842321783,50,Learned effect
Replogle,FOLR3,0,0.305837262700804,50,Learned effect
Replogle,SLC25A10,1,0.777545349303146,50,Learned effect
Replogle,RAB4A,0,0.15644756335966856,50,Learned effect
Replogle,SFPQ,1,0.98124377952802,50,Learned effect
Replogle,RPL7,1,0.9985193027580476,50,Learned effect
Replogle,DYNC1I2,0,0.2045915916052401,50,Learned effect
Replogle,AATF,1,0.9333414290530954,50,Learned effect
Replogle,NCL,0,0.269451029798184,50,Learned effect
Replogle,CHEK1,1,0.5433389318599431,50,Learned effect
Replogle,RPL31,1,0.9994169507945957,50,Learned effect
Replogle,DNAJA1,0,0.3571404975285381,50,Learned effect
Replogle,DDX41,1,0.8243415128942317,50,Learned effect
Replogle,NUP160,1,0.30542148671175917,50,Learned effect
Replogle,NUP54,1,0.785348009783211,50,Learned effect
Replogle,DYNC1H1,0,0.20809863185434307,50,Learned effect
Replogle,AHCTF1,0,0.14814100387355533,50,Learned effect
Replogle,U2SURP,1,0.9681135525105843,50,Learned effect
Replogle,MED22,1,0.9998327145820087,50,Learned effect
Replogle,IK,0,0.43359418984282483,50,Learned effect
Replogle,HARS,1,0.992763561501062,50,Learned effect
Replogle,SUPT6H,1,0.9999951373631466,50,Learned effect
Replogle,MED30,1,0.9999924441448093,50,Learned effect
Replogle,LIMS1,0,0.12485215329928642,50,Learned effect
Replogle,KAT8,1,0.4952238153650651,50,Learned effect
Replogle,UBA1,1,0.9915111332588672,50,Learned effect
Replogle,DDX24,1,0.9501721698264753,50,Learned effect
Replogle,PELO,0,0.25260218664334294,50,Learned effect
Replogle,WDR36,1,0.9081782428022948,50,Learned effect
Replogle,DDX19B,0,0.193369942666826,50,Learned effect
Replogle,ASF1B,0,0.18241457270941944,50,Learned effect
Replogle,NUMA1,1,0.5565034488100921,50,Learned effect
Replogle,ZNF207,1,0.3824642048630121,50,Learned effect
Replogle,DYNLRB1,0,0.21732328490527086,50,Learned effect
Replogle,CENPJ,1,0.8915948683671626,50,Learned effect
Replogle,PSMD1,1,0.3621304298552416,50,Learned effect
Replogle,POLR2D,1,0.5932989496531527,50,Learned effect
Replogle,IGBP1,1,0.4118473651746774,50,Learned effect
Replogle,GOLT1B,0,0.2038836281321755,50,Learned effect
Replogle,GUCD1,0,0.27489686047052986,50,Learned effect
Replogle,NIP7,1,0.7899985121388495,50,Learned effect
Replogle,DNAJC8,0,0.27657670207741986,50,Learned effect
Replogle,GPN3,1,0.9951127710479746,50,Learned effect
Replogle,RPS9,1,0.9852822409957759,50,Learned effect
Replogle,USP7,0,0.1409012720032107,50,Learned effect
Replogle,RPS3,1,0.9971077040986921,50,Learned effect
Replogle,RPL10,1,0.973721280569145,50,Learned effect
Replogle,TSEN34,0,0.13642825129405997,50,Learned effect
Replogle,TREX2,0,0.34703391478423123,50,Learned effect
Replogle,RPL6,1,0.999350073992686,50,Learned effect
Replogle,PRELID3B,1,0.9986169744403057,50,Learned effect
Replogle,RPS20,1,0.9210205564993978,50,Learned effect
Replogle,MED7,1,0.9999357153279256,50,Learned effect
Replogle,NOL11,1,0.9730047124922937,50,Learned effect
Replogle,PSMB5,1,0.9171027063249161,50,Learned effect
Replogle,CNOT1,1,0.9933204999493875,50,Learned effect
Replogle,CDK11A,0,0.11858887565501552,50,Learned effect
Replogle,SNRPB,0,0.38029104606094377,50,Learned effect
Replogle,DHX36,1,0.9393599430305515,50,Learned effect
Replogle,RPS11,1,0.9930943667977536,50,Learned effect
Replogle,PRPF18,1,0.9395949456076538,50,Learned effect
Replogle,PTCD1,1,0.2864504610365123,50,Learned effect
Replogle,TEAD3,0,0.07878595725720457,50,Learned effect
Replogle,RPS7,1,0.9981403558318359,50,Learned effect
Replogle,NAGLU,0,0.17344475500475912,50,Learned effect
Replogle,PMF1,1,0.3290212875840562,50,Learned effect
Replogle,PSMD12,1,0.7757564209055569,50,Learned effect
Replogle,DNTTIP2,1,0.9852878434584993,50,Learned effect
Replogle,RPL21,1,0.9749147717573133,50,Learned effect
Replogle,COPS4,1,0.5784129255844647,50,Learned effect
Replogle,CRNKL1,0,0.2156625167914869,50,Learned effect
Replogle,COPG1,0,0.08477321047075441,50,Learned effect
Replogle,ANKRD11,1,0.9926887739280119,50,Learned effect
Replogle,CHORDC1,0,0.19102215646333245,50,Learned effect
Replogle,PFN1,0,0.22378240596863705,50,Learned effect
Replogle,HNRNPM,0,0.2520500864673515,50,Learned effect
Replogle,PDCD6IP,0,0.1502136096453341,50,Learned effect
Replogle,RPL10A,1,0.964025548191427,50,Learned effect
Replogle,PHB,1,0.9999802978618628,50,Learned effect
Replogle,GARS,1,0.27188351450611836,50,Learned effect
Replogle,CIAO1,0,0.21032906890932515,50,Learned effect
Replogle,HSPA8,1,0.6154241829247814,50,Learned effect
Replogle,RPL12,1,0.9704760939031873,50,Learned effect
Replogle,XRCC1,0,0.19064851957909004,50,Learned effect
Replogle,MED1,1,0.9997770874679339,50,Learned effect
Replogle,BOP1,0,0.19251544599032294,50,Learned effect
Replogle,CCDC86,1,0.8700429665182546,50,Learned effect
Replogle,ACTR8,1,0.5974633286502494,50,Learned effect
Replogle,NXF1,0,0.1253397117779286,50,Learned effect
Replogle,CCT4,0,0.31176575770170717,50,Learned effect
Replogle,DENR,0,0.13203816570310725,50,Learned effect
Norman,KLF1,1,0.7766688140272994,50,Learned effect
Norman,BAK1,0,0.4215027461406319,50,Learned effect
Norman,CEBPE,1,0.9668884391443903,50,Learned effect
Norman,CEBPE_RUNX1T1,1,0.9294893148959841,50,Learned effect
Norman,UBASH3B,0,0.377387787315362,50,Learned effect
Norman,ETS2,1,0.9175473440466887,50,Learned effect
Norman,TBX3_TBX2,1,0.9089930072771454,50,Learned effect
Norman,OSR2,1,0.8885513004435497,50,Learned effect
Norman,SLC4A1,0,0.5834179033508294,50,Learned effect
Norman,SET,1,0.9990254774207301,50,Learned effect
Norman,ELMSAN1,1,0.5147837649347015,50,Learned effect
Norman,ETS2_CNN1,1,0.8229381928766907,50,Learned effect
Norman,MAP2K6,1,0.530303368135991,50,Learned effect
Norman,FOXF1,0,0.17606690601364078,50,Learned effect
Norman,C19orf26,1,0.8709812986223056,50,Learned effect
Norman,FOXA1,1,0.8095243330081479,50,Learned effect
Norman,UBASH3A,1,0.3065474961192192,50,Learned effect
Norman,UBASH3B_OSR2,0,0.21638664248489176,50,Learned effect
Norman,DUSP9_ETS2,1,0.999197748077056,50,Learned effect
Norman,RUNX1T1,0,0.2015920351183643,50,Learned effect
Norman,MEIS1,1,0.7130904840607581,50,Learned effect
Norman,CNN1,1,0.7487890907441493,50,Learned effect
Norman,MAPK1,1,0.8817679943190075,50,Learned effect
Norman,MAP7D1,0,0.18396108533615385,50,Learned effect
Norman,ZBTB25,1,0.3259734621063571,50,Learned effect
Norman,DLX2,1,0.8501407602069808,50,Learned effect
Norman,DUSP9,1,0.9993830023958505,50,Learned effect
Norman,FEV,1,0.9998793251197892,50,Learned effect
Norman,HOXB9,1,0.9985835779646307,50,Learned effect
Norman,ZBTB1,1,0.9966635570775776,50,Learned effect
Norman,TBX3,1,0.8182062987274628,50,Learned effect
Norman,TBX2,0,0.6453175668042668,50,Learned effect
Norman,PRTG,1,0.9609830059314513,50,Learned effect
Norman,IKZF3,1,0.9999882430786761,50,Learned effect
Norman,CLDN6,1,0.9876587185872179,50,Learned effect
Norman,SET_KLF1,1,0.9718600194334026,50,Learned effect
Norman,CBL,1,0.5806234110812704,50,Learned effect
Norman,SET_CEBPE,1,0.9340250538441216,50,Learned effect
Norman,CBFA2T3,1,0.4608203654258147,50,Learned effect
Norman,FOXL2,1,0.9977149133669508,50,Learned effect
Norman,ZNF318,1,0.491624382019172,50,Learned effect
Norman,LHX1_ELMSAN1,1,0.9877477295815102,50,Learned effect
Norman,TGFBR2,0,0.20071520635297016,50,Learned effect
Norman,KIF2C,1,0.27234570998951113,50,Learned effect
Norman,FOSB,1,0.4305509954569385,50,Learned effect
Norman,MAML2,0,0.6460117364207967,50,Learned effect
Norman,LYL1_IER5L,1,0.9999688289075873,50,Learned effect
Norman,ZC3HAV1_HOXC13,1,0.9914696231047114,50,Learned effect
Norman,IGDCC3,1,0.8401924397128856,50,Learned effect
Norman,SPI1,1,0.9907188437200305,50,Learned effect
Norman,COL2A1,1,0.9776140430942722,50,Learned effect
Norman,ISL2,1,0.35097034324003235,50,Learned effect
Norman,BCL2L11,0,0.16441255983083136,50,Learned effect
Norman,MAP2K3_ELMSAN1,1,0.999623729908337,50,Learned effect
Norman,MAP2K3,1,0.9650203427700993,50,Learned effect
Norman,MAP2K3_MAP2K6,1,0.9897352163056107,50,Learned effect
Norman,SLC6A9,1,0.8297017115300823,50,Learned effect
Norman,AHR,1,0.9988049393274934,50,Learned effect
Norman,UBASH3B_UBASH3A,1,0.8822140111962427,50,Learned effect
Norman,CDKN1B,1,0.9735752719336441,50,Learned effect
Norman,TMSB4X,1,0.9994276593101865,50,Learned effect
Norman,S1PR2,1,0.8642603233733486,50,Learned effect
Norman,BCORL1,1,0.4834461915906132,50,Learned effect
Norman,ZC3HAV1,0,0.5524472034837589,50,Learned effect
Norman,MAPK1_PRTG,0,0.31872573065976983,50,Learned effect
Norman,SAMD1,1,0.9710980933999911,50,Learned effect
Norman,MAPK1_TGFBR2,1,0.5530745067552378,50,Learned effect
Norman,ARRDC3,0,0.15669788879074845,50,Learned effect
Norman,FOXA3,1,0.7201532095153491,50,Learned effect
Norman,CEBPB,1,0.9796925131842754,50,Learned effect
Norman,SGK1,1,0.9970100138554377,50,Learned effect
Norman,AHR_KLF1,1,0.7192406536489009,50,Learned effect
Norman,CSRNP1,1,0.9022545996835759,50,Learned effect
Norman,CELF2,0,0.42777346064294575,50,Learned effect
Norman,CNNM4,1,0.9049548227074551,50,Learned effect
Norman,CEBPE_KLF1,0,0.5866175025707493,50,Learned effect
Norman,SNAI1,1,0.6718649753761222,50,Learned effect
Norman,BPGM,1,0.7962850625747716,50,Learned effect
Norman,GLB1L2,0,0.5399787882961247,50,Learned effect
Norman,BCL2L11_TGFBR2,0,0.23130673807238503,50,Learned effect
Norman,CEBPA,1,0.9999966005495793,50,Learned effect
Norman,ETS2_MAPK1,1,0.9999134328040084,50,Learned effect
Norman,MAP2K6_ELMSAN1,1,0.9857024205138128,50,Learned effect
Norman,PTPN12,1,0.45386966512500115,50,Learned effect
Norman,PTPN9,1,0.798167388195656,50,Learned effect
Norman,ETS2_PRTG,1,0.7321134423466104,50,Learned effect
Norman,ETS2_IKZF3,1,0.9999578184833368,50,Learned effect
Norman,IRF1_SET,1,0.9996753165806043,50,Learned effect
Norman,ETS2_IGDCC3,0,0.5119797529722744,50,Learned effect
Norman,TSC22D1,0,0.374480500462583,50,Learned effect
Norman,LYL1,1,0.2703123848128784,50,Learned effect
Norman,IRF1,1,0.8767433545517913,50,Learned effect
Norman,FOSB_UBASH3B,0,0.6817826967892803,50,Learned effect
Norman,PTPN1,1,0.9603734027752084,50,Learned effect
Norman,CEBPE_PTPN12,1,0.6903745657752232,50,Learned effect
Norman,CEBPB_MAPK1,1,0.9833119424281056,50,Learned effect
Norman,CBL_UBASH3B,1,0.9970053878901157,50,Learned effect
Norman,ZC3HAV1_CEBPE,0,0.57524574889086,50,Learned effect
Norman,IER5L,1,0.906242013502482,50,Learned effect
Norman,UBASH3B_CNN1,1,0.9991903332205994,50,Learned effect
Norman,CNN1_MAPK1,1,0.7605241949930658,50,Learned effect
Norman,KLF1_BAK1,0,0.6966164200041209,50,Learned effect
Norman,HOXC13,1,0.9999214039747975,50,Learned effect
Norman,FOSB_OSR2,1,0.9916573508289016,50,Learned effect
Norman,DUSP9_IGDCC3,1,0.999557775571559,50,Learned effect
Norman,ATL1,1,0.9764683202553233,50,Learned effect
Norman,LHX1,1,0.9836791591588936,50,Learned effect
Norman,IGDCC3_MAPK1,0,0.6424004498884969,50,Learned effect
Norman,MAP4K5,0,0.30707022439270154,50,Learned effect
Norman,DUSP9_KLF1,1,0.9991698242545591,50,Learned effect
Norman,PTPN12_PTPN9,1,0.9765788008835488,50,Learned effect
Norman,MAP4K3,0,0.3689055639636934,50,Learned effect
Norman,KLF1_FOXA1,1,0.8186657330514256,50,Learned effect
Norman,CDKN1A,1,0.9990377777347826,50,Learned effect
Norman,POU3F2,1,0.9911187924187389,50,Learned effect
Norman,SGK1_S1PR2,1,0.9980041760300478,50,Learned effect
Norman,BPGM_ZBTB1,1,0.9821034604192758,50,Learned effect
Norman,ETS2_CEBPE,1,0.9900717540793584,50,Learned effect
Norman,SAMD1_PTPN12,1,0.9999378666201351,50,Learned effect
Norman,SGK1_TBX2,1,0.9996790218670246,50,Learned effect
Norman,CBL_CNN1,1,0.9998770915133135,50,Learned effect
Norman,FOSB_PTPN12,1,0.5449817370071949,50,Learned effect
Norman,PTPN12_OSR2,0,0.6089866086538979,50,Learned effect
Norman,MAP2K3_SLC38A2,1,0.8114602214046658,50,Learned effect
Norman,KLF1_TGFBR2,1,0.6229897271533072,50,Learned effect
Norman,CBL_PTPN12,1,0.9887965660898643,50,Learned effect
Norman,SLC38A2,0,0.23894110776559166,50,Learned effect
Norman,RREB1,0,0.7543713167920116,50,Learned effect
Norman,CEBPB_PTPN12,1,0.9638691061166599,50,Learned effect
Norman,TMSB4X_BAK1,1,0.9992840572089804,50,Learned effect
Norman,FOXA3_HOXB9,1,0.9999859710115171,50,Learned effect
Norman,COL1A1,1,0.9303443660033534,50,Learned effect
Norman,RHOXF2,1,0.9999934015183285,50,Learned effect
Norman,UBASH3B_PTPN9,1,0.9874008712998191,50,Learned effect
Norman,TGFBR2_C19orf26,1,0.9838909276418929,50,Learned effect
Norman,ETS2_MAP7D1,1,0.9336720679951405,50,Learned effect
Norman,EGR1,1,0.775004190068051,50,Learned effect
Norman,RHOXF2_SET,1,0.9999728067427249,50,Learned effect
Norman,TGFBR2_ETS2,0,0.30361880191662477,50,Learned effect
Norman,PTPN12_UBASH3A,1,0.9986975469673848,50,Learned effect
Norman,KLF1_CEBPA,1,0.9996349424362385,50,Learned effect
Norman,STIL,1,0.4999969585356043,50,Learned effect
Norman,POU3F2_FOXL2,1,0.9999978889894988,50,Learned effect
Norman,CBL_PTPN9,1,0.9870208595168725,50,Learned effect
Norman,PTPN12_ZBTB25,1,0.9927789417574335,50,Learned effect
Norman,HK2,1,0.8716167495191378,50,Learned effect
Norman,MAP2K6_SPI1,1,0.6355605577298922,50,Learned effect
Norman,MAPK1_IKZF3,1,0.9994195280698065,50,Learned effect
Norman,BPGM_SAMD1,1,0.9975154166122525,50,Learned effect
Norman,TGFBR2_IGDCC3,1,0.93780075023694,50,Learned effect
Norman,MAP2K6_IKZF3,1,0.9998901391143596,50,Learned effect
Norman,SGK1_TBX3,1,0.9995570240035524,50,Learned effect
Norman,SNAI1_UBASH3B,1,0.9671001411670724,50,Learned effect
Norman,UBASH3B_PTPN12,1,0.9984083609707395,50,Learned effect
Norman,KLF1_COL2A1,1,0.9308314932508349,50,Learned effect
Norman,MIDN,1,0.9995877997102538,50,Learned effect
Norman,PRDM1,1,0.9999636426532871,50,Learned effect
Norman,DUSP9_PRTG,1,0.9998309464337906,50,Learned effect
Norman,FOXA1_HOXB9,1,0.9999896094267601,50,Learned effect
Norman,DUSP9_MAPK1,1,0.7923248653147353,50,Learned effect
Norman,FEV_ISL2,1,0.9999999781018842,50,Learned effect
Norman,PTPN12_SNAI1,1,0.9909929487050041,50,Learned effect
Norman,KIAA1804,1,0.5514930114868334,50,Learned effect
Norman,FEV_MAP7D1,1,0.999982813710978,50,Learned effect
Norman,AHR_FEV,1,0.9999999992209274,50,Learned effect
Norman,HOXA13,1,0.9999995915661525,50,Learned effect
Norman,FOXA1_FOXF1,1,0.99517021917593,50,Learned effect
Norman,PTPN13,1,0.6054405047031213,50,Learned effect
Norman,JUN,1,0.9991741236681179,50,Learned effect
Norman,ZBTB10_PTPN12,1,0.9999680425056531,50,Learned effect
Norman,TGFBR2_PRTG,1,0.9871594241874775,50,Learned effect
Norman,C3orf72,1,0.9986270426369328,50,Learned effect
Norman,KLF1_MAP2K6,1,0.9796469902523657,50,Learned effect
Norman,RHOXF2_ZBTB25,1,0.9999986618577646,50,Learned effect
Norman,MAP2K3_IKZF3,1,0.999889592082509,50,Learned effect
Norman,UBASH3B_ZBTB25,1,0.9833873666035928,50,Learned effect
Norman,KIF18B,0,0.49028938705371644,50,Learned effect
Adamson,63(mod)_pBA580,1,0.4997300855842912,50,Learned effect
Adamson,Gal4-4(mod)_pBA582,0,0.527420865099979,50,Learned effect
Adamson,IER3IP1_pDS002,0,0.4471586908830717,50,Learned effect
Adamson,SEC61B_pDS033,0,0.47714477241611886,50,Learned effect
Adamson,ASCC3_pDS052,0,0.6697473717975359,50,Learned effect
Adamson,DNAJC19_pDS026,1,0.9989953669033528,50,Learned effect
Adamson,HSPA9_pDS088,1,0.9997647819703819,50,Learned effect
Adamson,HSPA5_pDS017,1,0.9943046803631943,50,Learned effect
Adamson,SAMM50_pDS156,1,0.5894546509006467,50,Learned effect
Adamson,YIPF5_pDS186,0,0.5785628630999317,50,Learned effect
Adamson,TARS_pDS405,0,0.9408215842727398,50,Learned effect
Adamson,XRN1_pDS411,1,0.779271825170605,50,Learned effect
Adamson,GBF1_pDS043,0,0.5079848839158546,50,Learned effect
Adamson,TIMM23_pDS284,0,0.4744262007123573,50,Learned effect
Adamson,DAD1_pDS499,0,0.3170774940222012,50,Learned effect
Adamson,SEC61A1_pDS032,1,0.9153965597826927,50,Learned effect
Adamson,AMIGO3_pDS434,0,0.4437810302942465,50,Learned effect
Adamson,SRPRB_pDS404,0,0.6863687200392461,50,Learned effect
Adamson,SRP68_pDS403,0,0.7386138025388819,50,Learned effect
Adamson,UFM1_pDS040,0,0.5134342695194652,50,Learned effect
Adamson,TELO2_pDS496,1,0.8700726041754724,50,Learned effect
Adamson,FECH_pDS494,1,0.8868850106770731,50,Learned effect
Adamson,MRPL39_pDS498,1,0.5393310728329977,50,Learned effect
Adamson,IARS2_pDS091,1,0.9993786398050383,50,Learned effect
Adamson,SCYL1_pDS160,0,0.4621724535566263,50,Learned effect
Adamson,DARS_pDS495,0,0.5584547241100247,50,Learned effect
Adamson,IDH3A_pDS393,0,0.5831024251881093,50,Learned effect
Adamson,DERL2_pDS042,0,0.5839171275264685,50,Learned effect
Adamson,SEC63_pDS218,1,0.6007095664861246,50,Learned effect
Adamson,TTI2_pDS408,0,0.7705769158331274,50,Learned effect
Adamson,SEC61G_pDS440,0,0.4559632461283621,50,Learned effect
Adamson,SYVN1_pDS442,0,0.4566817225322688,50,Learned effect
Adamson,SPCS3_pDS402,0,0.6210282582208559,50,Learned effect
Adamson,OST4_pDS353,0,0.4777089191258417,50,Learned effect
Adamson,ATP5B_pDS055,1,0.7158834988104267,50,Learned effect
Adamson,SLMO2_pDS433,1,0.898003202083115,50,Learned effect
Adamson,FARSB_pDS390,1,0.910385523822303,50,Learned effect
Adamson,TMED10_pDS036,0,0.35956269169857286,50,Learned effect
Adamson,PSMD4_pDS488,1,0.9999999984995054,50,Learned effect
Adamson,EIF2B4_pDS491,1,0.994392224376344,50,Learned effect
Adamson,SLC35B1_pDS046,0,0.5304204772898725,50,Learned effect
Adamson,EIF2B2_pDS463,1,0.994827388395224,50,Learned effect
Adamson,ASCC3_pDS051,1,0.6061390764850338,50,Learned effect
Adamson,DDRGK1_pDS041,0,0.5876165231134682,50,Learned effect
Adamson,GMPPB_pDS391,0,0.4627187922851621,50,Learned effect
Adamson,SLC39A7_pDS219,0,0.7534977762647801,50,Learned effect
Adamson,SRPR_pDS482,0,0.457207379280461,50,Learned effect
Adamson,TIMM44_pDS430,1,0.9909964206297024,50,Learned effect
Adamson,SPCS2_pDS401,1,0.4188672202361132,50,Learned effect
Adamson,UFL1_pDS410,1,0.46725828162416766,50,Learned effect
Adamson,PDIA6_pDS029,1,0.4593540465105558,50,Learned effect
Adamson,IER3IP1_pDS110,0,0.48248189981013406,50,Learned effect
Adamson,YIPF5_pDS226,0,0.5728629907002911,50,Learned effect
Adamson,MRGBP_pDS124,1,0.885405428277347,50,Learned effect
Adamson,SCYL1_pDS159,1,0.470452295698722,50,Learned effect
Adamson,P4HB_pDS397,1,0.7967946046710497,50,Learned effect
Adamson,MANF_pDS027,1,0.35547819895865806,50,Learned effect
Adamson,PTDSS1_pDS478,0,0.4541176301537693,50,Learned effect
Adamson,TTI1_pDS407,1,0.9984638173442745,50,Learned effect
Adamson,DNAJC19_pDS074,1,0.9424878809022301,50,Learned effect
Adamson,MARS_pDS394,1,0.9817986823380478,50,Learned effect
Adamson,MTHFD1_pDS395,1,0.976526440163867,50,Learned effect
Adamson,SRP72_pDS505,1,0.6415289475171959,50,Learned effect
Adamson,EIF2S1_pDS386,1,0.9999882689266864,50,Learned effect
Adamson,DHDDS_pDS383,1,0.9758696594191384,50,Learned effect
Adamson,NEDD8_pDS396,1,0.9448663635892145,50,Learned effect
Adamson,TMED2_pDS175,0,0.539206845291572,50,Learned effect
Adamson,GNPNAT1_pDS506,0,0.43476596031491227,50,Learned effect
Adamson,CARS_pDS460,1,0.9999955632431832,50,Learned effect
Adamson,STT3A_pDS011,1,0.5441327483604685,50,Learned effect
Adamson,HYOU1_pDS089,0,0.7004133405324077,50,Learned effect
Adamson,ARHGAP22_pDS458,1,0.8685947675727601,50,Learned effect
Adamson,SEC61B_pDS162,0,0.5315761904889693,50,Learned effect
Adamson,CHERP_pDS024,1,0.9978621770695505,50,Learned effect
Adamson,SARS_pDS467,1,0.9991993792933697,50,Learned effect
Adamson,TMEM167A_pDS038,0,0.38566672481438535,50,Learned effect
Adamson,KCTD16_pDS096,0,0.6450274144492648,50,Learned effect
Adamson,SEC61A1_pDS031,1,0.7206791727181164,50,Learned effect
Adamson,SOCS1_pDS479,0,0.6442746717359683,50,Learned effect
Adamson,AARS_pDS381,1,0.9988809172773189,50,Learned effect
Adamson,SEL1L_pDS373,0,0.7322023310406185,50,Learned effect
Adamson,IARS2_pDS090,1,0.9972461236352812,50,Learned effect
Adamson,EIF2B3_pDS508,1,0.9941091210907346,50,Learned effect
Adamson,HSD17B12_pDS087,0,0.5802814309050942,50,Learned effect
Adamson,DDOST_pDS382,0,0.47195517718728097,50,Learned effect
Adamson,QARS_pDS510,1,0.9970805103965387,50,Learned effect
Adamson,CCND3_pDS006,1,0.9850774589219049,50,Learned effect
Adamson,ATF4_pBA608,0,0.6437357531707794,50,Learned effect
Adamson,HARS_pDS466,1,0.9995772340121892,50,Learned effect
Adamson,HSPA5_pDS371,1,0.9556763493032733,50,Learned effect
Adamson,COPZ1_pDS462,0,0.6356816559164581,50,Learned effect
Adamson,CAD_pDS468,1,0.9996522519378007,50,Learned effect
