dataset,fpr,tpr,threshold
Replogle,0.0,0.0,1.7514572855418595
Replogle,0.0,0.001221001221001221,0.7514572855418595
Replogle,0.0,0.3785103785103785,0.5308117922449332
Replogle,0.0009871668311944718,0.3785103785103785,0.5299825339498275
Replogle,0.0009871668311944718,0.518925518925519,0.4944957933994642
Replogle,0.0019743336623889436,0.518925518925519,0.493075833723438
Replogle,0.0019743336623889436,0.6019536019536019,0.47195332857970174
Replogle,0.0029615004935834156,0.6019536019536019,0.47186352792674163
Replogle,0.0029615004935834156,0.612942612942613,0.46868229771291864
Replogle,0.003948667324777887,0.612942612942613,0.4673364795828349
Replogle,0.003948667324777887,0.6141636141636142,0.46675278529654746
Replogle,0.004935834155972359,0.6141636141636142,0.46675164522804546
Replogle,0.004935834155972359,0.6385836385836385,0.4609016230443408
Replogle,0.005923000987166831,0.6385836385836385,0.4604909046655735
Replogle,0.005923000987166831,0.6446886446886447,0.45779361364994975
Replogle,0.007897334649555774,0.6446886446886447,0.4563629625256213
Replogle,0.007897334649555774,0.6507936507936508,0.45527684558918136
Replogle,0.008884501480750246,0.6507936507936508,0.4551096442665872
Replogle,0.008884501480750246,0.6532356532356532,0.4541558152826268
Replogle,0.009871668311944718,0.6532356532356532,0.4540273378088883
Replogle,0.009871668311944718,0.663003663003663,0.4513502420925777
Replogle,0.01085883514313919,0.663003663003663,0.4513463869734124
Replogle,0.01085883514313919,0.6678876678876678,0.449885697147076
Replogle,0.012833168805528134,0.6678876678876678,0.4493806634084906
Replogle,0.012833168805528134,0.6800976800976801,0.4472007484180154
Replogle,0.014807502467917079,0.6800976800976801,0.44655346329630546
Replogle,0.014807502467917079,0.6923076923076923,0.4430853376873171
Replogle,0.01579466929911155,0.6923076923076923,0.4425094641822015
Replogle,0.01579466929911155,0.6947496947496947,0.4423681360814089
Replogle,0.01678183613030602,0.6947496947496947,0.4423290851673493
Replogle,0.01678183613030602,0.7191697191697192,0.4357306656603647
Replogle,0.018756169792694965,0.7191697191697192,0.4353804544847879
Replogle,0.018756169792694965,0.7252747252747253,0.4336060625029715
Replogle,0.019743336623889437,0.7252747252747253,0.4335836807143678
Replogle,0.019743336623889437,0.7264957264957265,0.43354068065895723
Replogle,0.02073050345508391,0.7264957264957265,0.4335125133603061
Replogle,0.02073050345508391,0.7289377289377289,0.4334252086762529
Replogle,0.02171767028627838,0.7289377289377289,0.4331787358119806
Replogle,0.02171767028627838,0.7301587301587301,0.43289810169969883
Replogle,0.024679170779861797,0.7301587301587301,0.43208441497995326
Replogle,0.024679170779861797,0.7313797313797313,0.43175080010694417
Replogle,0.02566633761105627,0.7313797313797313,0.4312137751699735
Replogle,0.02566633761105627,0.7326007326007326,0.43107494979241984
Replogle,0.02665350444225074,0.7326007326007326,0.43091806486372297
Replogle,0.02665350444225074,0.7435897435897436,0.428404571870054
Replogle,0.028627838104639685,0.7435897435897436,0.4281964266524341
Replogle,0.028627838104639685,0.7655677655677655,0.4229244077673081
Replogle,0.029615004935834157,0.7655677655677655,0.42195280161479853
Replogle,0.029615004935834157,0.7667887667887668,0.421887971847497
Replogle,0.03060217176702863,0.7667887667887668,0.4217478605617577
Replogle,0.03060217176702863,0.7692307692307693,0.4210874885949748
Replogle,0.03257650542941757,0.7692307692307693,0.4209166887023925
Replogle,0.03257650542941757,0.7728937728937729,0.42063057642741547
Replogle,0.03356367226061204,0.7728937728937729,0.4205908352111328
Replogle,0.03356367226061204,0.7741147741147741,0.420462583402949
Replogle,0.034550839091806514,0.7741147741147741,0.42039323067886225
Replogle,0.034550839091806514,0.7765567765567766,0.42026419061579245
Replogle,0.035538005923000986,0.7765567765567766,0.4191807578624232
Replogle,0.035538005923000986,0.7875457875457875,0.4144805061569555
Replogle,0.03751233958538993,0.7875457875457875,0.41366621709723767
Replogle,0.03751233958538993,0.7887667887667887,0.4130987953165901
Replogle,0.0384995064165844,0.7887667887667887,0.4130206324031029
Replogle,0.0384995064165844,0.7912087912087912,0.4129225024147856
Replogle,0.039486673247778874,0.7912087912087912,0.4129037026593488
Replogle,0.039486673247778874,0.7924297924297924,0.41267599029310004
Replogle,0.04244817374136229,0.7924297924297924,0.4124906473901437
Replogle,0.04244817374136229,0.8034188034188035,0.40956694731028986
Replogle,0.044422507403751234,0.8034188034188035,0.40850590581734486
Replogle,0.044422507403751234,0.8083028083028083,0.4074134596593333
Replogle,0.04639684106614018,0.8083028083028083,0.40675748144132085
Replogle,0.04639684106614018,0.8095238095238095,0.40658193502209256
Replogle,0.04837117472852912,0.8095238095238095,0.40630264406470706
Replogle,0.04837117472852912,0.8131868131868132,0.4053273952073677
Replogle,0.049358341559723594,0.8131868131868132,0.4051143771132984
Replogle,0.049358341559723594,0.8144078144078144,0.4050624534308605
Replogle,0.05330700888450148,0.8144078144078144,0.4043873963494495
Replogle,0.05330700888450148,0.8156288156288156,0.4043731535961246
Replogle,0.0562685093780849,0.8156288156288156,0.4040355273879715
Replogle,0.0562685093780849,0.8168498168498168,0.4039641102662726
Replogle,0.05725567620927937,0.8168498168498168,0.4039256573739754
Replogle,0.05725567620927937,0.8205128205128205,0.40278781539716374
Replogle,0.06219151036525173,0.8205128205128205,0.4020755941422658
Replogle,0.06219151036525173,0.8217338217338217,0.40201350268326247
Replogle,0.0631786771964462,0.8217338217338217,0.4019696884345867
Replogle,0.0631786771964462,0.8241758241758241,0.40157658806151003
Replogle,0.06416584402764067,0.8241758241758241,0.40013074124861653
Replogle,0.06416584402764067,0.8253968253968254,0.4000942349696678
Replogle,0.06614017769002961,0.8253968253968254,0.39914121725192997
Replogle,0.06614017769002961,0.8290598290598291,0.39872768081728643
Replogle,0.06712734452122408,0.8290598290598291,0.39824016856052596
Replogle,0.06712734452122408,0.8302808302808303,0.39736856755157635
Replogle,0.06811451135241856,0.8302808302808303,0.3971902095849372
Replogle,0.06811451135241856,0.8315018315018315,0.3957862692756901
Replogle,0.06910167818361303,0.8315018315018315,0.39566989207530207
Replogle,0.06910167818361303,0.8327228327228328,0.3954797703142989
Replogle,0.07206317867719644,0.8327228327228328,0.39380993140823994
Replogle,0.07206317867719644,0.833943833943834,0.39361756024646477
Replogle,0.07305034550839092,0.833943833943834,0.39334790142044224
Replogle,0.07305034550839092,0.8351648351648352,0.3931262529121261
Replogle,0.07502467917077986,0.8351648351648352,0.3927927807949744
Replogle,0.07502467917077986,0.8376068376068376,0.39085959012106036
Replogle,0.07601184600197433,0.8376068376068376,0.39083493021621263
Replogle,0.07601184600197433,0.8388278388278388,0.39070995629293054
Replogle,0.0769990128331688,0.8388278388278388,0.3906728769836991
Replogle,0.0769990128331688,0.8412698412698413,0.390482560083199
Replogle,0.07798617966436328,0.8412698412698413,0.3900065095933803
Replogle,0.07798617966436328,0.8424908424908425,0.3896147620931663
Replogle,0.07897334649555775,0.8424908424908425,0.3895957145710325
Replogle,0.07897334649555775,0.8473748473748474,0.3884006927754854
Replogle,0.07996051332675222,0.8473748473748474,0.3882830431238897
Replogle,0.07996051332675222,0.8620268620268621,0.3836343646802054
Replogle,0.08094768015794669,0.8620268620268621,0.38297924811779
Replogle,0.08094768015794669,0.8693528693528694,0.3808969426812477
Replogle,0.08292201382033564,0.8693528693528694,0.3806935825445409
Replogle,0.08292201382033564,0.8705738705738706,0.38056066018092294
Replogle,0.08390918065153011,0.8705738705738706,0.38037585025027637
Replogle,0.08390918065153011,0.8717948717948718,0.3798296642142215
Replogle,0.08489634748272458,0.8717948717948718,0.3797916680243057
Replogle,0.08489634748272458,0.873015873015873,0.37937626328498353
Replogle,0.08588351431391905,0.873015873015873,0.37923680864745446
Replogle,0.08588351431391905,0.8742368742368742,0.37918613198682394
Replogle,0.08687068114511352,0.8742368742368742,0.37896287273549306
Replogle,0.08687068114511352,0.8815628815628815,0.3763514215751999
Replogle,0.087857847976308,0.8815628815628815,0.3761444929413948
Replogle,0.087857847976308,0.884004884004884,0.37530583560491504
Replogle,0.09279368213228036,0.884004884004884,0.3737715394834696
Replogle,0.09279368213228036,0.8852258852258852,0.37372645179503267
Replogle,0.09378084896347483,0.8852258852258852,0.37365633883172134
Replogle,0.09378084896347483,0.8864468864468864,0.37359659683389557
Replogle,0.09575518262586377,0.8864468864468864,0.3724230036107564
Replogle,0.09575518262586377,0.8876678876678876,0.3719716290471492
Replogle,0.09871668311944719,0.8876678876678876,0.37054174661153616
Replogle,0.09871668311944719,0.8888888888888888,0.3699491372509096
Replogle,0.1016781836130306,0.8888888888888888,0.36877858712636885
Replogle,0.1016781836130306,0.8913308913308914,0.36751900985856556
Replogle,0.10266535044422508,0.8913308913308914,0.3673557186204012
Replogle,0.10266535044422508,0.8937728937728938,0.36689270501317756
Replogle,0.10365251727541955,0.8937728937728938,0.36596208981705014
Replogle,0.10365251727541955,0.894993894993895,0.36475450516027286
Replogle,0.10562685093780849,0.894993894993895,0.3645080559144047
Replogle,0.10562685093780849,0.905982905982906,0.36240119388255565
Replogle,0.10661401776900296,0.905982905982906,0.36175519819049473
Replogle,0.10661401776900296,0.9072039072039072,0.3613016602274695
Replogle,0.10760118460019744,0.9072039072039072,0.3609843218468599
Replogle,0.10760118460019744,0.9096459096459096,0.3608272614769697
Replogle,0.11056268509378085,0.9096459096459096,0.3606819866684203
Replogle,0.11056268509378085,0.9120879120879121,0.3601849558751575
Replogle,0.11352418558736427,0.9120879120879121,0.3599913486890403
Replogle,0.11352418558736427,0.9145299145299145,0.35954444280911196
Replogle,0.11451135241855874,0.9145299145299145,0.3594645766359271
Replogle,0.11451135241855874,0.9181929181929182,0.35715326978060863
Replogle,0.11648568608094768,0.9181929181929182,0.3551709231204712
Replogle,0.11648568608094768,0.9230769230769231,0.3541026427799082
Replogle,0.11846001974333663,0.9230769230769231,0.35403813109334353
Replogle,0.11846001974333663,0.9242979242979243,0.3539253781526086
Replogle,0.1194471865745311,0.9242979242979243,0.3537266362816147
Replogle,0.1194471865745311,0.9267399267399268,0.35301896416856354
Replogle,0.12142152023692004,0.9267399267399268,0.3524721345722343
Replogle,0.12142152023692004,0.927960927960928,0.35213033328147597
Replogle,0.12240868706811452,0.927960927960928,0.352069412518461
Replogle,0.12240868706811452,0.9304029304029304,0.35118966986696903
Replogle,0.12438302073050346,0.9304029304029304,0.3506258539298938
Replogle,0.12438302073050346,0.9328449328449329,0.35000076655810813
Replogle,0.1263573543928924,0.9328449328449329,0.34959653031491106
Replogle,0.1263573543928924,0.9340659340659341,0.34958908934446237
Replogle,0.12833168805528133,0.9340659340659341,0.3489356278233487
Replogle,0.12833168805528133,0.9352869352869353,0.3488532666782919
Replogle,0.12931885488647582,0.9352869352869353,0.3483769659476709
Replogle,0.12931885488647582,0.9377289377289377,0.3468150248270358
Replogle,0.13129318854886476,0.9377289377289377,0.346744662264864
Replogle,0.13129318854886476,0.938949938949939,0.34668719151970306
Replogle,0.13228035538005922,0.938949938949939,0.3464334178585408
Replogle,0.13228035538005922,0.9401709401709402,0.34585962757833544
Replogle,0.1362290227048371,0.9401709401709402,0.3446927103362278
Replogle,0.1362290227048371,0.945054945054945,0.3442474090508998
Replogle,0.13820335636722605,0.945054945054945,0.34348322214563837
Replogle,0.13820335636722605,0.9499389499389499,0.34263002271742443
Replogle,0.13919052319842054,0.9499389499389499,0.34213140488622784
Replogle,0.13919052319842054,0.9511599511599511,0.3421185600493268
Replogle,0.140177690029615,0.9511599511599511,0.34154884316188927
Replogle,0.140177690029615,0.9523809523809523,0.34135954775199273
Replogle,0.14511352418558737,0.9523809523809523,0.33873402933031427
Replogle,0.14511352418558737,0.9536019536019537,0.3387116917473221
Replogle,0.14610069101678183,0.9536019536019537,0.3375368377624058
Replogle,0.14610069101678183,0.9548229548229549,0.33709703327818075
Replogle,0.14807502467917077,0.9548229548229549,0.3369882714690519
Replogle,0.14807502467917077,0.9560439560439561,0.33697281852371336
Replogle,0.15004935834155972,0.9560439560439561,0.33685371156856325
Replogle,0.15004935834155972,0.9572649572649573,0.33653747478701695
Replogle,0.1539980256663376,0.9572649572649573,0.33589983413650304
Replogle,0.1539980256663376,0.9597069597069597,0.33531532255965457
Replogle,0.15992102665350444,0.9597069597069597,0.3333783239639566
Replogle,0.15992102665350444,0.960927960927961,0.33258334632429404
Replogle,0.16288252714708787,0.960927960927961,0.3321980818689105
Replogle,0.16288252714708787,0.9621489621489622,0.33205917778740884
Replogle,0.1727541954590326,0.9621489621489622,0.32860762722736825
Replogle,0.1727541954590326,0.9633699633699634,0.3285594279814126
Replogle,0.17670286278381048,0.9633699633699634,0.32662911206202794
Replogle,0.17670286278381048,0.9645909645909646,0.3265005269557333
Replogle,0.17966436327739388,0.9645909645909646,0.325995857403656
Replogle,0.17966436327739388,0.9658119658119658,0.325371990778434
Replogle,0.18065153010858837,0.9658119658119658,0.32455326556656294
Replogle,0.18065153010858837,0.967032967032967,0.3241055941218841
Replogle,0.1855873642645607,0.967032967032967,0.3221857534114295
Replogle,0.1855873642645607,0.9694749694749695,0.32134826915346965
Replogle,0.18657453109575517,0.9694749694749695,0.3207479092059562
Replogle,0.18657453109575517,0.9706959706959707,0.320424847020255
Replogle,0.192497532082922,0.9706959706959707,0.3185192145928551
Replogle,0.192497532082922,0.9719169719169719,0.3182230613486388
Replogle,0.19447186574531095,0.9719169719169719,0.3173598752963002
Replogle,0.19447186574531095,0.9731379731379731,0.31688576558432346
Replogle,0.19545903257650543,0.9731379731379731,0.31585991455240364
Replogle,0.19545903257650543,0.9743589743589743,0.31570091569066716
Replogle,0.20039486673247778,0.9743589743589743,0.31516263035780107
Replogle,0.20039486673247778,0.9755799755799756,0.3149511950057589
Replogle,0.21322803553800593,0.9755799755799756,0.31085041035065963
Replogle,0.21322803553800593,0.9768009768009768,0.3101975949374212
Replogle,0.22211253701875616,0.9768009768009768,0.3075205925964652
Replogle,0.22211253701875616,0.978021978021978,0.3073732262063888
Replogle,0.23099703849950642,0.978021978021978,0.3057388691532102
Replogle,0.23099703849950642,0.9792429792429792,0.3055181065432781
Replogle,0.23395853899308983,0.9792429792429792,0.3053257719452808
Replogle,0.23395853899308983,0.9804639804639804,0.3051313715174468
Replogle,0.24383020730503455,0.9804639804639804,0.30140017371559275
Replogle,0.24383020730503455,0.9816849816849816,0.3010964245766683
Replogle,0.26061204343534056,0.9816849816849816,0.2991540506687844
Replogle,0.26061204343534056,0.9841269841269841,0.2989536033309813
Replogle,0.29417571569595263,0.9841269841269841,0.28995886856225633
Replogle,0.29417571569595263,0.9853479853479854,0.2898658900598204
Replogle,0.29615004935834155,0.9853479853479854,0.2897143131101255
Replogle,0.29615004935834155,0.9865689865689866,0.2893249537653888
Replogle,0.2981243830207305,0.9865689865689866,0.28886745868888697
Replogle,0.2981243830207305,0.989010989010989,0.2881809785788684
Replogle,0.3089832181638697,0.989010989010989,0.28685738837631797
Replogle,0.3089832181638697,0.9902319902319903,0.28669834541264944
Replogle,0.3366238894373149,0.9902319902319903,0.27899276552671043
Replogle,0.3366238894373149,0.9914529914529915,0.2788605896629609
Replogle,0.3376110562685094,0.9914529914529915,0.27873376986169107
Replogle,0.3376110562685094,0.9926739926739927,0.27872378822995253
Replogle,0.3543928923988154,0.9926739926739927,0.2750690927192013
Replogle,0.3543928923988154,0.9938949938949939,0.27494334789303143
Replogle,0.36229022704837116,0.9938949938949939,0.27238064116802435
Replogle,0.36229022704837116,0.9951159951159951,0.27207928046196755
Replogle,0.3889437314906219,0.9951159951159951,0.2659079099830592
Replogle,0.3889437314906219,0.9963369963369964,0.26566933148752997
Replogle,0.40868706811451133,0.9963369963369964,0.2609525742914272
Replogle,0.40868706811451133,0.9975579975579976,0.2607814119543493
Replogle,0.46692991115498517,0.9975579975579976,0.2485070149883963
Replogle,0.46692991115498517,0.9987789987789988,0.24846146941703082
Replogle,0.6850937808489634,0.9987789987789988,0.20808508853143484
Replogle,0.6850937808489634,1.0,0.20798578099609533
Replogle,1.0,1.0,0.11650493223347104
Norman,0.0,0.0,1.9833739393983933
Norman,0.0,0.0043859649122807015,0.9833739393983933
Norman,0.0,0.6622807017543859,0.47202798207351193
Norman,0.125,0.6622807017543859,0.4665579046068928
Norman,0.125,0.9035087719298246,0.11249897693400625
Norman,0.25,0.9035087719298246,0.099222618137787
Norman,0.25,0.9692982456140351,0.04410910496134529
Norman,0.375,0.9692982456140351,0.042880131349469865
Norman,0.375,0.9736842105263158,0.040916454734077345
Norman,0.625,0.9736842105263158,0.03678374286894411
Norman,0.625,0.9912280701754386,0.026133267663870655
Norman,0.75,0.9912280701754386,0.024497222462368795
Norman,0.75,0.9956140350877193,0.016941668806859465
Norman,0.875,0.9956140350877193,0.016699102167811095
Norman,0.875,1.0,0.003233221235754059
Norman,1.0,1.0,0.002007680552367803
Adamson,0.0,0.0,1.9682995649130572
Adamson,0.0,0.012195121951219513,0.9682995649130572
Adamson,0.0,0.6707317073170732,0.2834059535249849
Adamson,0.07142857142857142,0.6707317073170732,0.2701148248383784
Adamson,0.07142857142857142,0.7439024390243902,0.13859035652006382
Adamson,0.14285714285714285,0.7439024390243902,0.1201850579321148
Adamson,0.14285714285714285,0.8658536585365854,0.06558834532841036
Adamson,0.21428571428571427,0.8658536585365854,0.06171415605572308
Adamson,0.21428571428571427,0.9390243902439024,0.03493031492926593
Adamson,0.35714285714285715,0.9390243902439024,0.033164506192420666
Adamson,0.35714285714285715,0.9634146341463414,0.031547253184552086
Adamson,0.42857142857142855,0.9634146341463414,0.02967929621854421
Adamson,0.42857142857142855,0.9878048780487805,0.024237144859185933
Adamson,1.0,0.9878048780487805,0.011677632062902886
Adamson,1.0,1.0,0.005665219262291104
GATA1,0.0,0.0,1.9989507976142762
GATA1,0.004032258064516129,0.0,0.9989507976142762
GATA1,0.008064516129032258,0.0,0.998665846267648
GATA1,0.008064516129032258,0.16666666666666666,0.9983809684672743
GATA1,0.012096774193548387,0.16666666666666666,0.9982792939196772
GATA1,0.012096774193548387,0.3333333333333333,0.9981634544393344
GATA1,0.028225806451612902,0.3333333333333333,0.9964733145130535
GATA1,0.028225806451612902,0.6666666666666666,0.995319301324781
GATA1,0.04435483870967742,0.6666666666666666,0.9941959098076869
GATA1,0.04435483870967742,0.8333333333333334,0.9928996061562099
GATA1,0.16129032258064516,0.8333333333333334,0.9795199362848855
GATA1,0.16129032258064516,1.0,0.9775136037643535
GATA1,1.0,1.0,0.17438150991777432
JAK1,0.0,0.0,1.9953940252092277
JAK1,0.0,0.05555555555555555,0.9953940252092277
JAK1,0.0,1.0,0.8179586086955849
JAK1,1.0,1.0,0.49197014349120044
